rung,assay,scheme,readout,n,seed,checkpoint,spearman,n_test,best_epoch,epochs_run,train_positions,n_train_pool,n_val
frozen,A4GRB6_PSEAI_Chen_2020,fold_random_5,mean,32,0,esm2_t12_35M_UR50D,0.05031542827326468,972,12,23,31,3057,256
frozen,A4GRB6_PSEAI_Chen_2020,fold_random_5,mean,32,1,esm2_t12_35M_UR50D,0.03792466101791149,972,13,24,30,3057,256
frozen,A4GRB6_PSEAI_Chen_2020,fold_random_5,mean,32,2,esm2_t12_35M_UR50D,0.07005483557217676,972,12,23,30,3057,256
frozen,A4GRB6_PSEAI_Chen_2020,fold_random_5,mean,128,0,esm2_t12_35M_UR50D,0.054040837805826,972,12,23,105,3057,256
frozen,A4GRB6_PSEAI_Chen_2020,fold_random_5,mean,128,1,esm2_t12_35M_UR50D,0.048677590526561815,972,12,23,93,3057,256
frozen,A4GRB6_PSEAI_Chen_2020,fold_random_5,mean,128,2,esm2_t12_35M_UR50D,0.062467790549198224,972,11,22,99,3057,256
frozen,A4GRB6_PSEAI_Chen_2020,fold_random_5,mean,512,0,esm2_t12_35M_UR50D,0.09731982803053152,972,12,23,232,3057,256
frozen,A4GRB6_PSEAI_Chen_2020,fold_random_5,mean,512,1,esm2_t12_35M_UR50D,0.4005618744015462,972,199,200,223,3057,256
frozen,A4GRB6_PSEAI_Chen_2020,fold_random_5,mean,512,2,esm2_t12_35M_UR50D,0.11869010325070281,972,12,23,240,3057,256
frozen,A4GRB6_PSEAI_Chen_2020,fold_random_5,mean,2048,0,esm2_t12_35M_UR50D,0.5518213778085798,972,198,200,266,3057,256
frozen,A4GRB6_PSEAI_Chen_2020,fold_random_5,mean,2048,1,esm2_t12_35M_UR50D,0.5421982522526598,972,198,200,266,3057,256
frozen,A4GRB6_PSEAI_Chen_2020,fold_random_5,mean,2048,2,esm2_t12_35M_UR50D,0.5509916490981278,972,198,200,266,3057,256
frozen,A4GRB6_PSEAI_Chen_2020,fold_random_5,at_position,32,0,esm2_t12_35M_UR50D,0.5277471449678894,972,22,33,31,3057,256
frozen,A4GRB6_PSEAI_Chen_2020,fold_random_5,at_position,32,1,esm2_t12_35M_UR50D,0.2994194120452742,972,20,31,30,3057,256
frozen,A4GRB6_PSEAI_Chen_2020,fold_random_5,at_position,32,2,esm2_t12_35M_UR50D,0.45215539271458277,972,17,28,30,3057,256
frozen,A4GRB6_PSEAI_Chen_2020,fold_random_5,at_position,128,0,esm2_t12_35M_UR50D,0.6366719940380065,972,50,61,105,3057,256
frozen,A4GRB6_PSEAI_Chen_2020,fold_random_5,at_position,128,1,esm2_t12_35M_UR50D,0.6150221600954732,972,36,47,93,3057,256
frozen,A4GRB6_PSEAI_Chen_2020,fold_random_5,at_position,128,2,esm2_t12_35M_UR50D,0.6414785455404659,972,34,45,99,3057,256
frozen,A4GRB6_PSEAI_Chen_2020,fold_random_5,at_position,512,0,esm2_t12_35M_UR50D,0.7708354820728772,972,55,66,232,3057,256
frozen,A4GRB6_PSEAI_Chen_2020,fold_random_5,at_position,512,1,esm2_t12_35M_UR50D,0.7697941690784491,972,60,71,223,3057,256
frozen,A4GRB6_PSEAI_Chen_2020,fold_random_5,at_position,512,2,esm2_t12_35M_UR50D,0.7638887696505865,972,46,57,240,3057,256
frozen,A4GRB6_PSEAI_Chen_2020,fold_random_5,at_position,2048,0,esm2_t12_35M_UR50D,0.8592707376912154,972,61,72,266,3057,256
frozen,A4GRB6_PSEAI_Chen_2020,fold_random_5,at_position,2048,1,esm2_t12_35M_UR50D,0.8564825840274276,972,40,51,266,3057,256
frozen,A4GRB6_PSEAI_Chen_2020,fold_random_5,at_position,2048,2,esm2_t12_35M_UR50D,0.8521058000345837,972,43,54,266,3057,256
frozen,A4GRB6_PSEAI_Chen_2020,fold_random_5,difference_at_position,32,0,esm2_t12_35M_UR50D,0.0964036643439568,972,27,38,31,3057,256
frozen,A4GRB6_PSEAI_Chen_2020,fold_random_5,difference_at_position,32,1,esm2_t12_35M_UR50D,0.17664423379315933,972,87,98,30,3057,256
frozen,A4GRB6_PSEAI_Chen_2020,fold_random_5,difference_at_position,32,2,esm2_t12_35M_UR50D,0.3649131893543573,972,133,144,30,3057,256
frozen,A4GRB6_PSEAI_Chen_2020,fold_random_5,difference_at_position,128,0,esm2_t12_35M_UR50D,0.45737961148907363,972,73,84,105,3057,256
frozen,A4GRB6_PSEAI_Chen_2020,fold_random_5,difference_at_position,128,1,esm2_t12_35M_UR50D,0.3909019515788477,972,27,38,93,3057,256
frozen,A4GRB6_PSEAI_Chen_2020,fold_random_5,difference_at_position,128,2,esm2_t12_35M_UR50D,0.3690687323941379,972,51,62,99,3057,256
frozen,A4GRB6_PSEAI_Chen_2020,fold_random_5,difference_at_position,512,0,esm2_t12_35M_UR50D,0.6351074960409943,972,56,67,232,3057,256
frozen,A4GRB6_PSEAI_Chen_2020,fold_random_5,difference_at_position,512,1,esm2_t12_35M_UR50D,0.5988143100023112,972,49,60,223,3057,256
frozen,A4GRB6_PSEAI_Chen_2020,fold_random_5,difference_at_position,512,2,esm2_t12_35M_UR50D,0.5950914484602468,972,56,67,240,3057,256
frozen,A4GRB6_PSEAI_Chen_2020,fold_random_5,difference_at_position,2048,0,esm2_t12_35M_UR50D,0.7949350522361115,972,88,99,266,3057,256
frozen,A4GRB6_PSEAI_Chen_2020,fold_random_5,difference_at_position,2048,1,esm2_t12_35M_UR50D,0.7901270633404185,972,36,47,266,3057,256
frozen,A4GRB6_PSEAI_Chen_2020,fold_random_5,difference_at_position,2048,2,esm2_t12_35M_UR50D,0.8010100117966862,972,76,87,266,3057,256
frozen,A4GRB6_PSEAI_Chen_2020,fold_modulo_5,mean,32,0,esm2_t12_35M_UR50D,-0.017318589919847208,1022,10,21,30,2994,256
frozen,A4GRB6_PSEAI_Chen_2020,fold_modulo_5,mean,32,1,esm2_t12_35M_UR50D,-0.015811521167383984,1022,10,21,30,2994,256
frozen,A4GRB6_PSEAI_Chen_2020,fold_modulo_5,mean,32,2,esm2_t12_35M_UR50D,0.018376128698900457,1022,9,20,29,2994,256
frozen,A4GRB6_PSEAI_Chen_2020,fold_modulo_5,mean,128,0,esm2_t12_35M_UR50D,-0.02274707369477363,1022,9,20,95,2994,256
frozen,A4GRB6_PSEAI_Chen_2020,fold_modulo_5,mean,128,1,esm2_t12_35M_UR50D,-0.026811836101423486,1022,10,21,90,2994,256
frozen,A4GRB6_PSEAI_Chen_2020,fold_modulo_5,mean,128,2,esm2_t12_35M_UR50D,0.020079127585156068,1022,9,20,85,2994,256
frozen,A4GRB6_PSEAI_Chen_2020,fold_modulo_5,mean,512,0,esm2_t12_35M_UR50D,-0.020360241320191142,1022,4,15,156,2994,256
frozen,A4GRB6_PSEAI_Chen_2020,fold_modulo_5,mean,512,1,esm2_t12_35M_UR50D,-0.02001512352278868,1022,4,15,152,2994,256
frozen,A4GRB6_PSEAI_Chen_2020,fold_modulo_5,mean,512,2,esm2_t12_35M_UR50D,0.018378669408783087,1022,4,15,158,2994,256
frozen,A4GRB6_PSEAI_Chen_2020,fold_modulo_5,mean,2048,0,esm2_t12_35M_UR50D,0.05417354520440864,1022,4,15,159,2994,256
frozen,A4GRB6_PSEAI_Chen_2020,fold_modulo_5,mean,2048,1,esm2_t12_35M_UR50D,0.061988354792624656,1022,4,15,159,2994,256
frozen,A4GRB6_PSEAI_Chen_2020,fold_modulo_5,mean,2048,2,esm2_t12_35M_UR50D,0.027503791967757596,1022,0,11,159,2994,256
frozen,A4GRB6_PSEAI_Chen_2020,fold_modulo_5,at_position,32,0,esm2_t12_35M_UR50D,0.45203495305788166,1022,38,49,30,2994,256
frozen,A4GRB6_PSEAI_Chen_2020,fold_modulo_5,at_position,32,1,esm2_t12_35M_UR50D,0.4068381808040752,1022,20,31,30,2994,256
frozen,A4GRB6_PSEAI_Chen_2020,fold_modulo_5,at_position,32,2,esm2_t12_35M_UR50D,0.24037920216534325,1022,18,29,29,2994,256
frozen,A4GRB6_PSEAI_Chen_2020,fold_modulo_5,at_position,128,0,esm2_t12_35M_UR50D,0.44174387773261287,1022,34,45,95,2994,256
frozen,A4GRB6_PSEAI_Chen_2020,fold_modulo_5,at_position,128,1,esm2_t12_35M_UR50D,0.5730699437808175,1022,44,55,90,2994,256
frozen,A4GRB6_PSEAI_Chen_2020,fold_modulo_5,at_position,128,2,esm2_t12_35M_UR50D,0.5441522541438881,1022,73,84,85,2994,256
frozen,A4GRB6_PSEAI_Chen_2020,fold_modulo_5,at_position,512,0,esm2_t12_35M_UR50D,0.5580847830870879,1022,75,86,156,2994,256
frozen,A4GRB6_PSEAI_Chen_2020,fold_modulo_5,at_position,512,1,esm2_t12_35M_UR50D,0.6321029604861881,1022,49,60,152,2994,256
frozen,A4GRB6_PSEAI_Chen_2020,fold_modulo_5,at_position,512,2,esm2_t12_35M_UR50D,0.5606906472533,1022,36,47,158,2994,256
frozen,A4GRB6_PSEAI_Chen_2020,fold_modulo_5,at_position,2048,0,esm2_t12_35M_UR50D,0.5854051506672148,1022,11,22,159,2994,256
frozen,A4GRB6_PSEAI_Chen_2020,fold_modulo_5,at_position,2048,1,esm2_t12_35M_UR50D,0.6069124643174763,1022,13,24,159,2994,256
frozen,A4GRB6_PSEAI_Chen_2020,fold_modulo_5,at_position,2048,2,esm2_t12_35M_UR50D,0.5956121611438613,1022,11,22,159,2994,256
frozen,A4GRB6_PSEAI_Chen_2020,fold_modulo_5,difference_at_position,32,0,esm2_t12_35M_UR50D,0.35698682624118994,1022,27,38,30,2994,256
frozen,A4GRB6_PSEAI_Chen_2020,fold_modulo_5,difference_at_position,32,1,esm2_t12_35M_UR50D,0.2617386884875242,1022,23,34,30,2994,256
frozen,A4GRB6_PSEAI_Chen_2020,fold_modulo_5,difference_at_position,32,2,esm2_t12_35M_UR50D,0.27034363294292324,1022,19,30,29,2994,256
frozen,A4GRB6_PSEAI_Chen_2020,fold_modulo_5,difference_at_position,128,0,esm2_t12_35M_UR50D,0.3057334053524094,1022,22,33,95,2994,256
frozen,A4GRB6_PSEAI_Chen_2020,fold_modulo_5,difference_at_position,128,1,esm2_t12_35M_UR50D,0.29992778213462457,1022,22,33,90,2994,256
frozen,A4GRB6_PSEAI_Chen_2020,fold_modulo_5,difference_at_position,128,2,esm2_t12_35M_UR50D,0.23820473523982216,1022,44,55,85,2994,256
frozen,A4GRB6_PSEAI_Chen_2020,fold_modulo_5,difference_at_position,512,0,esm2_t12_35M_UR50D,0.334365479101541,1022,49,60,156,2994,256
frozen,A4GRB6_PSEAI_Chen_2020,fold_modulo_5,difference_at_position,512,1,esm2_t12_35M_UR50D,0.3646926095683369,1022,61,72,152,2994,256
frozen,A4GRB6_PSEAI_Chen_2020,fold_modulo_5,difference_at_position,512,2,esm2_t12_35M_UR50D,0.31103874916541147,1022,41,52,158,2994,256
frozen,A4GRB6_PSEAI_Chen_2020,fold_modulo_5,difference_at_position,2048,0,esm2_t12_35M_UR50D,0.4079741916642913,1022,18,29,159,2994,256
frozen,A4GRB6_PSEAI_Chen_2020,fold_modulo_5,difference_at_position,2048,1,esm2_t12_35M_UR50D,0.3989172890417328,1022,19,30,159,2994,256
frozen,A4GRB6_PSEAI_Chen_2020,fold_modulo_5,difference_at_position,2048,2,esm2_t12_35M_UR50D,0.393606094838673,1022,17,28,159,2994,256
frozen,A4GRB6_PSEAI_Chen_2020,fold_contiguous_5,mean,32,0,esm2_t12_35M_UR50D,-0.15351348735258255,1020,14,25,30,2984,256
frozen,A4GRB6_PSEAI_Chen_2020,fold_contiguous_5,mean,32,1,esm2_t12_35M_UR50D,-0.13392315606518154,1020,25,36,31,2984,256
frozen,A4GRB6_PSEAI_Chen_2020,fold_contiguous_5,mean,32,2,esm2_t12_35M_UR50D,-0.10374705283457739,1020,13,24,28,2984,256
frozen,A4GRB6_PSEAI_Chen_2020,fold_contiguous_5,mean,128,0,esm2_t12_35M_UR50D,-0.14113260247006254,1020,25,36,101,2984,256
frozen,A4GRB6_PSEAI_Chen_2020,fold_contiguous_5,mean,128,1,esm2_t12_35M_UR50D,-0.15162316488885041,1020,15,26,92,2984,256
frozen,A4GRB6_PSEAI_Chen_2020,fold_contiguous_5,mean,128,2,esm2_t12_35M_UR50D,-0.1339333851775084,1020,13,24,85,2984,256
frozen,A4GRB6_PSEAI_Chen_2020,fold_contiguous_5,mean,512,0,esm2_t12_35M_UR50D,0.17687719694418144,1020,199,200,155,2984,256
frozen,A4GRB6_PSEAI_Chen_2020,fold_contiguous_5,mean,512,1,esm2_t12_35M_UR50D,-0.1360348806000214,1020,14,25,156,2984,256
frozen,A4GRB6_PSEAI_Chen_2020,fold_contiguous_5,mean,512,2,esm2_t12_35M_UR50D,-0.0780843821867049,1020,29,40,155,2984,256
frozen,A4GRB6_PSEAI_Chen_2020,fold_contiguous_5,mean,2048,0,esm2_t12_35M_UR50D,0.15479042175165492,1020,196,200,159,2984,256
frozen,A4GRB6_PSEAI_Chen_2020,fold_contiguous_5,mean,2048,1,esm2_t12_35M_UR50D,-0.11797649192606982,1020,6,17,159,2984,256
frozen,A4GRB6_PSEAI_Chen_2020,fold_contiguous_5,mean,2048,2,esm2_t12_35M_UR50D,0.16332753107221365,1020,134,145,159,2984,256
frozen,A4GRB6_PSEAI_Chen_2020,fold_contiguous_5,at_position,32,0,esm2_t12_35M_UR50D,0.19339594995879125,1020,17,28,30,2984,256
frozen,A4GRB6_PSEAI_Chen_2020,fold_contiguous_5,at_position,32,1,esm2_t12_35M_UR50D,0.2227962088979098,1020,18,29,31,2984,256
frozen,A4GRB6_PSEAI_Chen_2020,fold_contiguous_5,at_position,32,2,esm2_t12_35M_UR50D,0.22106230398145327,1020,14,25,28,2984,256
frozen,A4GRB6_PSEAI_Chen_2020,fold_contiguous_5,at_position,128,0,esm2_t12_35M_UR50D,0.1899045745062853,1020,20,31,101,2984,256
frozen,A4GRB6_PSEAI_Chen_2020,fold_contiguous_5,at_position,128,1,esm2_t12_35M_UR50D,0.18419842658780852,1020,19,30,92,2984,256
frozen,A4GRB6_PSEAI_Chen_2020,fold_contiguous_5,at_position,128,2,esm2_t12_35M_UR50D,0.14176735249140557,1020,18,29,85,2984,256
frozen,A4GRB6_PSEAI_Chen_2020,fold_contiguous_5,at_position,512,0,esm2_t12_35M_UR50D,0.144130665254388,1020,22,33,155,2984,256
frozen,A4GRB6_PSEAI_Chen_2020,fold_contiguous_5,at_position,512,1,esm2_t12_35M_UR50D,0.12926252332037996,1020,22,33,156,2984,256
frozen,A4GRB6_PSEAI_Chen_2020,fold_contiguous_5,at_position,512,2,esm2_t12_35M_UR50D,0.12154573276553457,1020,21,32,155,2984,256
frozen,A4GRB6_PSEAI_Chen_2020,fold_contiguous_5,at_position,2048,0,esm2_t12_35M_UR50D,0.12224627847811555,1020,15,26,159,2984,256
frozen,A4GRB6_PSEAI_Chen_2020,fold_contiguous_5,at_position,2048,1,esm2_t12_35M_UR50D,0.09760340249552449,1020,33,44,159,2984,256
frozen,A4GRB6_PSEAI_Chen_2020,fold_contiguous_5,at_position,2048,2,esm2_t12_35M_UR50D,0.08582838382762994,1020,41,52,159,2984,256
frozen,A4GRB6_PSEAI_Chen_2020,fold_contiguous_5,difference_at_position,32,0,esm2_t12_35M_UR50D,-0.03925394459806512,1020,29,40,30,2984,256
frozen,A4GRB6_PSEAI_Chen_2020,fold_contiguous_5,difference_at_position,32,1,esm2_t12_35M_UR50D,-0.10780668253802854,1020,33,44,31,2984,256
frozen,A4GRB6_PSEAI_Chen_2020,fold_contiguous_5,difference_at_position,32,2,esm2_t12_35M_UR50D,0.07271977046362813,1020,55,66,28,2984,256
frozen,A4GRB6_PSEAI_Chen_2020,fold_contiguous_5,difference_at_position,128,0,esm2_t12_35M_UR50D,0.12282628220180007,1020,36,47,101,2984,256
frozen,A4GRB6_PSEAI_Chen_2020,fold_contiguous_5,difference_at_position,128,1,esm2_t12_35M_UR50D,0.004128766661523467,1020,33,44,92,2984,256
frozen,A4GRB6_PSEAI_Chen_2020,fold_contiguous_5,difference_at_position,128,2,esm2_t12_35M_UR50D,-0.027339115315656897,1020,48,59,85,2984,256
frozen,A4GRB6_PSEAI_Chen_2020,fold_contiguous_5,difference_at_position,512,0,esm2_t12_35M_UR50D,-0.03554747067344016,1020,17,28,155,2984,256
frozen,A4GRB6_PSEAI_Chen_2020,fold_contiguous_5,difference_at_position,512,1,esm2_t12_35M_UR50D,0.05679533694736912,1020,33,44,156,2984,256
frozen,A4GRB6_PSEAI_Chen_2020,fold_contiguous_5,difference_at_position,512,2,esm2_t12_35M_UR50D,0.07821852057550545,1020,38,49,155,2984,256
frozen,A4GRB6_PSEAI_Chen_2020,fold_contiguous_5,difference_at_position,2048,0,esm2_t12_35M_UR50D,0.12382890659087072,1020,31,42,159,2984,256
frozen,A4GRB6_PSEAI_Chen_2020,fold_contiguous_5,difference_at_position,2048,1,esm2_t12_35M_UR50D,0.13312708139179408,1020,27,38,159,2984,256
frozen,A4GRB6_PSEAI_Chen_2020,fold_contiguous_5,difference_at_position,2048,2,esm2_t12_35M_UR50D,0.13694422552705035,1020,31,42,159,2984,256
frozen,CCR5_HUMAN_Gill_2023,fold_random_5,mean,32,0,esm2_t12_35M_UR50D,0.20688847905468166,1172,8,19,29,3694,256
frozen,CCR5_HUMAN_Gill_2023,fold_random_5,mean,32,1,esm2_t12_35M_UR50D,0.1083697434112948,1172,0,11,32,3694,256
frozen,CCR5_HUMAN_Gill_2023,fold_random_5,mean,32,2,esm2_t12_35M_UR50D,0.12032476396729712,1172,15,26,30,3694,256
frozen,CCR5_HUMAN_Gill_2023,fold_random_5,mean,128,0,esm2_t12_35M_UR50D,0.19314137828772404,1172,196,200,105,3694,256
frozen,CCR5_HUMAN_Gill_2023,fold_random_5,mean,128,1,esm2_t12_35M_UR50D,0.10649650605897637,1172,0,11,112,3694,256
frozen,CCR5_HUMAN_Gill_2023,fold_random_5,mean,128,2,esm2_t12_35M_UR50D,0.05794655166673534,1172,4,15,108,3694,256
frozen,CCR5_HUMAN_Gill_2023,fold_random_5,mean,512,0,esm2_t12_35M_UR50D,0.23173409351603308,1172,124,135,266,3694,256
frozen,CCR5_HUMAN_Gill_2023,fold_random_5,mean,512,1,esm2_t12_35M_UR50D,0.14972610251644572,1172,5,16,250,3694,256
frozen,CCR5_HUMAN_Gill_2023,fold_random_5,mean,512,2,esm2_t12_35M_UR50D,0.18896663711096998,1172,16,27,263,3694,256
frozen,CCR5_HUMAN_Gill_2023,fold_random_5,mean,2048,0,esm2_t12_35M_UR50D,0.2633470877524364,1172,8,19,323,3694,256
frozen,CCR5_HUMAN_Gill_2023,fold_random_5,mean,2048,1,esm2_t12_35M_UR50D,0.2689954726521035,1172,37,48,323,3694,256
frozen,CCR5_HUMAN_Gill_2023,fold_random_5,mean,2048,2,esm2_t12_35M_UR50D,0.21599737030580213,1172,11,22,323,3694,256
frozen,CCR5_HUMAN_Gill_2023,fold_random_5,at_position,32,0,esm2_t12_35M_UR50D,0.0786266024819241,1172,0,11,29,3694,256
frozen,CCR5_HUMAN_Gill_2023,fold_random_5,at_position,32,1,esm2_t12_35M_UR50D,0.13081804552342677,1172,0,11,32,3694,256
frozen,CCR5_HUMAN_Gill_2023,fold_random_5,at_position,32,2,esm2_t12_35M_UR50D,0.20351487841039362,1172,2,13,30,3694,256
frozen,CCR5_HUMAN_Gill_2023,fold_random_5,at_position,128,0,esm2_t12_35M_UR50D,0.31454046832853033,1172,4,15,105,3694,256
frozen,CCR5_HUMAN_Gill_2023,fold_random_5,at_position,128,1,esm2_t12_35M_UR50D,0.2817751238656195,1172,1,12,112,3694,256
frozen,CCR5_HUMAN_Gill_2023,fold_random_5,at_position,128,2,esm2_t12_35M_UR50D,0.3244744108343968,1172,3,14,108,3694,256
frozen,CCR5_HUMAN_Gill_2023,fold_random_5,at_position,512,0,esm2_t12_35M_UR50D,0.38272402267295,1172,4,15,266,3694,256
frozen,CCR5_HUMAN_Gill_2023,fold_random_5,at_position,512,1,esm2_t12_35M_UR50D,0.3721702567793533,1172,5,16,250,3694,256
frozen,CCR5_HUMAN_Gill_2023,fold_random_5,at_position,512,2,esm2_t12_35M_UR50D,0.37258050061605574,1172,3,14,263,3694,256
frozen,CCR5_HUMAN_Gill_2023,fold_random_5,at_position,2048,0,esm2_t12_35M_UR50D,0.39751429880868633,1172,0,11,323,3694,256
frozen,CCR5_HUMAN_Gill_2023,fold_random_5,at_position,2048,1,esm2_t12_35M_UR50D,0.47981660705257134,1172,9,20,323,3694,256
frozen,CCR5_HUMAN_Gill_2023,fold_random_5,at_position,2048,2,esm2_t12_35M_UR50D,0.396919126576911,1172,0,11,323,3694,256
frozen,CCR5_HUMAN_Gill_2023,fold_random_5,difference_at_position,32,0,esm2_t12_35M_UR50D,0.04534971485245034,1172,3,14,29,3694,256
frozen,CCR5_HUMAN_Gill_2023,fold_random_5,difference_at_position,32,1,esm2_t12_35M_UR50D,0.14076772391989528,1172,3,14,32,3694,256
frozen,CCR5_HUMAN_Gill_2023,fold_random_5,difference_at_position,32,2,esm2_t12_35M_UR50D,0.10239620566824308,1172,1,12,30,3694,256
frozen,CCR5_HUMAN_Gill_2023,fold_random_5,difference_at_position,128,0,esm2_t12_35M_UR50D,0.16224162764225747,1172,4,15,105,3694,256
frozen,CCR5_HUMAN_Gill_2023,fold_random_5,difference_at_position,128,1,esm2_t12_35M_UR50D,0.22676087375040577,1172,4,15,112,3694,256
frozen,CCR5_HUMAN_Gill_2023,fold_random_5,difference_at_position,128,2,esm2_t12_35M_UR50D,0.14250602176206256,1172,1,12,108,3694,256
frozen,CCR5_HUMAN_Gill_2023,fold_random_5,difference_at_position,512,0,esm2_t12_35M_UR50D,0.337307521599823,1172,14,25,266,3694,256
frozen,CCR5_HUMAN_Gill_2023,fold_random_5,difference_at_position,512,1,esm2_t12_35M_UR50D,0.2995276609080283,1172,10,21,250,3694,256
frozen,CCR5_HUMAN_Gill_2023,fold_random_5,difference_at_position,512,2,esm2_t12_35M_UR50D,0.29822316601305493,1172,8,19,263,3694,256
frozen,CCR5_HUMAN_Gill_2023,fold_random_5,difference_at_position,2048,0,esm2_t12_35M_UR50D,0.3663546003446424,1172,6,17,323,3694,256
frozen,CCR5_HUMAN_Gill_2023,fold_random_5,difference_at_position,2048,1,esm2_t12_35M_UR50D,0.3766758723680686,1172,8,19,323,3694,256
frozen,CCR5_HUMAN_Gill_2023,fold_random_5,difference_at_position,2048,2,esm2_t12_35M_UR50D,0.38036831288815426,1172,6,17,323,3694,256
frozen,CCR5_HUMAN_Gill_2023,fold_modulo_5,mean,32,0,esm2_t12_35M_UR50D,0.13941183195772683,1235,10,21,27,3667,256
frozen,CCR5_HUMAN_Gill_2023,fold_modulo_5,mean,32,1,esm2_t12_35M_UR50D,0.11697281223683464,1235,0,11,30,3667,256
frozen,CCR5_HUMAN_Gill_2023,fold_modulo_5,mean,32,2,esm2_t12_35M_UR50D,0.11122153957536192,1235,2,13,29,3667,256
frozen,CCR5_HUMAN_Gill_2023,fold_modulo_5,mean,128,0,esm2_t12_35M_UR50D,0.09145475067071782,1235,19,30,96,3667,256
frozen,CCR5_HUMAN_Gill_2023,fold_modulo_5,mean,128,1,esm2_t12_35M_UR50D,0.12179962510473978,1235,0,11,94,3667,256
frozen,CCR5_HUMAN_Gill_2023,fold_modulo_5,mean,128,2,esm2_t12_35M_UR50D,0.24826911620128722,1235,13,24,99,3667,256
frozen,CCR5_HUMAN_Gill_2023,fold_modulo_5,mean,512,0,esm2_t12_35M_UR50D,0.2233009854435962,1235,16,27,181,3667,256
frozen,CCR5_HUMAN_Gill_2023,fold_modulo_5,mean,512,1,esm2_t12_35M_UR50D,0.21821419027519948,1235,15,26,181,3667,256
frozen,CCR5_HUMAN_Gill_2023,fold_modulo_5,mean,512,2,esm2_t12_35M_UR50D,0.3045254936048592,1235,165,176,184,3667,256
frozen,CCR5_HUMAN_Gill_2023,fold_modulo_5,mean,2048,0,esm2_t12_35M_UR50D,0.2933197774679733,1235,20,31,193,3667,256
frozen,CCR5_HUMAN_Gill_2023,fold_modulo_5,mean,2048,1,esm2_t12_35M_UR50D,0.29640770161337604,1235,17,28,193,3667,256
frozen,CCR5_HUMAN_Gill_2023,fold_modulo_5,mean,2048,2,esm2_t12_35M_UR50D,0.29564039359382427,1235,19,30,193,3667,256
frozen,CCR5_HUMAN_Gill_2023,fold_modulo_5,at_position,32,0,esm2_t12_35M_UR50D,0.03358856950212194,1235,0,11,27,3667,256
frozen,CCR5_HUMAN_Gill_2023,fold_modulo_5,at_position,32,1,esm2_t12_35M_UR50D,0.12162131353617331,1235,0,11,30,3667,256
frozen,CCR5_HUMAN_Gill_2023,fold_modulo_5,at_position,32,2,esm2_t12_35M_UR50D,0.04589025110549881,1235,2,13,29,3667,256
frozen,CCR5_HUMAN_Gill_2023,fold_modulo_5,at_position,128,0,esm2_t12_35M_UR50D,0.28664398078656206,1235,8,19,96,3667,256
frozen,CCR5_HUMAN_Gill_2023,fold_modulo_5,at_position,128,1,esm2_t12_35M_UR50D,0.29461324701882136,1235,3,14,94,3667,256
frozen,CCR5_HUMAN_Gill_2023,fold_modulo_5,at_position,128,2,esm2_t12_35M_UR50D,0.3147760556027989,1235,2,13,99,3667,256
frozen,CCR5_HUMAN_Gill_2023,fold_modulo_5,at_position,512,0,esm2_t12_35M_UR50D,0.3119149634782599,1235,4,15,181,3667,256
frozen,CCR5_HUMAN_Gill_2023,fold_modulo_5,at_position,512,1,esm2_t12_35M_UR50D,0.32393949146451817,1235,5,16,181,3667,256
frozen,CCR5_HUMAN_Gill_2023,fold_modulo_5,at_position,512,2,esm2_t12_35M_UR50D,0.2937497001949197,1235,4,15,184,3667,256
frozen,CCR5_HUMAN_Gill_2023,fold_modulo_5,at_position,2048,0,esm2_t12_35M_UR50D,0.39390743797260985,1235,4,15,193,3667,256
frozen,CCR5_HUMAN_Gill_2023,fold_modulo_5,at_position,2048,1,esm2_t12_35M_UR50D,0.35713223734980015,1235,10,21,193,3667,256
frozen,CCR5_HUMAN_Gill_2023,fold_modulo_5,at_position,2048,2,esm2_t12_35M_UR50D,0.34702112653741407,1235,14,25,193,3667,256
frozen,CCR5_HUMAN_Gill_2023,fold_modulo_5,difference_at_position,32,0,esm2_t12_35M_UR50D,0.14816641162710714,1235,4,15,27,3667,256
frozen,CCR5_HUMAN_Gill_2023,fold_modulo_5,difference_at_position,32,1,esm2_t12_35M_UR50D,0.08422683593944628,1235,2,13,30,3667,256
frozen,CCR5_HUMAN_Gill_2023,fold_modulo_5,difference_at_position,32,2,esm2_t12_35M_UR50D,0.011598924586103477,1235,2,13,29,3667,256
frozen,CCR5_HUMAN_Gill_2023,fold_modulo_5,difference_at_position,128,0,esm2_t12_35M_UR50D,0.208341278462584,1235,4,15,96,3667,256
frozen,CCR5_HUMAN_Gill_2023,fold_modulo_5,difference_at_position,128,1,esm2_t12_35M_UR50D,0.19609381460354364,1235,3,14,94,3667,256
frozen,CCR5_HUMAN_Gill_2023,fold_modulo_5,difference_at_position,128,2,esm2_t12_35M_UR50D,0.2473466277785865,1235,2,13,99,3667,256
frozen,CCR5_HUMAN_Gill_2023,fold_modulo_5,difference_at_position,512,0,esm2_t12_35M_UR50D,0.32092342915728034,1235,13,24,181,3667,256
frozen,CCR5_HUMAN_Gill_2023,fold_modulo_5,difference_at_position,512,1,esm2_t12_35M_UR50D,0.22746295728119,1235,5,16,181,3667,256
frozen,CCR5_HUMAN_Gill_2023,fold_modulo_5,difference_at_position,512,2,esm2_t12_35M_UR50D,0.33884622085160465,1235,8,19,184,3667,256
frozen,CCR5_HUMAN_Gill_2023,fold_modulo_5,difference_at_position,2048,0,esm2_t12_35M_UR50D,0.38419717406493276,1235,5,16,193,3667,256
frozen,CCR5_HUMAN_Gill_2023,fold_modulo_5,difference_at_position,2048,1,esm2_t12_35M_UR50D,0.34063894214681784,1235,6,17,193,3667,256
frozen,CCR5_HUMAN_Gill_2023,fold_modulo_5,difference_at_position,2048,2,esm2_t12_35M_UR50D,0.37407451319432655,1235,12,23,193,3667,256
frozen,CCR5_HUMAN_Gill_2023,fold_contiguous_5,mean,32,0,esm2_t12_35M_UR50D,0.16865849163381325,1235,1,12,31,3667,256
frozen,CCR5_HUMAN_Gill_2023,fold_contiguous_5,mean,32,1,esm2_t12_35M_UR50D,0.08962845416912935,1235,0,11,32,3667,256
frozen,CCR5_HUMAN_Gill_2023,fold_contiguous_5,mean,32,2,esm2_t12_35M_UR50D,0.11147486241310271,1235,0,11,30,3667,256
frozen,CCR5_HUMAN_Gill_2023,fold_contiguous_5,mean,128,0,esm2_t12_35M_UR50D,0.16306278791688117,1235,0,11,100,3667,256
frozen,CCR5_HUMAN_Gill_2023,fold_contiguous_5,mean,128,1,esm2_t12_35M_UR50D,0.09201089318930003,1235,1,12,94,3667,256
frozen,CCR5_HUMAN_Gill_2023,fold_contiguous_5,mean,128,2,esm2_t12_35M_UR50D,0.1328986907423384,1235,3,14,100,3667,256
frozen,CCR5_HUMAN_Gill_2023,fold_contiguous_5,mean,512,0,esm2_t12_35M_UR50D,0.2446316959560641,1235,4,15,179,3667,256
frozen,CCR5_HUMAN_Gill_2023,fold_contiguous_5,mean,512,1,esm2_t12_35M_UR50D,0.08699863448509318,1235,0,11,185,3667,256
frozen,CCR5_HUMAN_Gill_2023,fold_contiguous_5,mean,512,2,esm2_t12_35M_UR50D,0.20685918343181622,1235,1,12,182,3667,256
frozen,CCR5_HUMAN_Gill_2023,fold_contiguous_5,mean,2048,0,esm2_t12_35M_UR50D,0.20450666225929823,1235,0,11,193,3667,256
frozen,CCR5_HUMAN_Gill_2023,fold_contiguous_5,mean,2048,1,esm2_t12_35M_UR50D,0.14845367892625333,1235,1,12,193,3667,256
frozen,CCR5_HUMAN_Gill_2023,fold_contiguous_5,mean,2048,2,esm2_t12_35M_UR50D,0.19138949889343446,1235,1,12,193,3667,256
frozen,CCR5_HUMAN_Gill_2023,fold_contiguous_5,at_position,32,0,esm2_t12_35M_UR50D,0.012748574573790784,1235,18,29,31,3667,256
frozen,CCR5_HUMAN_Gill_2023,fold_contiguous_5,at_position,32,1,esm2_t12_35M_UR50D,0.31309575444716653,1235,15,26,32,3667,256
frozen,CCR5_HUMAN_Gill_2023,fold_contiguous_5,at_position,32,2,esm2_t12_35M_UR50D,0.29769256746443884,1235,1,12,30,3667,256
frozen,CCR5_HUMAN_Gill_2023,fold_contiguous_5,at_position,128,0,esm2_t12_35M_UR50D,0.23116045087755535,1235,1,12,100,3667,256
frozen,CCR5_HUMAN_Gill_2023,fold_contiguous_5,at_position,128,1,esm2_t12_35M_UR50D,0.28242340339199046,1235,1,12,94,3667,256
frozen,CCR5_HUMAN_Gill_2023,fold_contiguous_5,at_position,128,2,esm2_t12_35M_UR50D,0.13044250296335202,1235,3,14,100,3667,256
frozen,CCR5_HUMAN_Gill_2023,fold_contiguous_5,at_position,512,0,esm2_t12_35M_UR50D,0.20079603557533066,1235,5,16,179,3667,256
frozen,CCR5_HUMAN_Gill_2023,fold_contiguous_5,at_position,512,1,esm2_t12_35M_UR50D,0.2678197478785852,1235,5,16,185,3667,256
frozen,CCR5_HUMAN_Gill_2023,fold_contiguous_5,at_position,512,2,esm2_t12_35M_UR50D,0.22295890176184588,1235,15,26,182,3667,256
frozen,CCR5_HUMAN_Gill_2023,fold_contiguous_5,at_position,2048,0,esm2_t12_35M_UR50D,0.26288787041765316,1235,4,15,193,3667,256
frozen,CCR5_HUMAN_Gill_2023,fold_contiguous_5,at_position,2048,1,esm2_t12_35M_UR50D,0.29344558768803713,1235,5,16,193,3667,256
frozen,CCR5_HUMAN_Gill_2023,fold_contiguous_5,at_position,2048,2,esm2_t12_35M_UR50D,0.17268895150757219,1235,1,12,193,3667,256
frozen,CCR5_HUMAN_Gill_2023,fold_contiguous_5,difference_at_position,32,0,esm2_t12_35M_UR50D,0.15745064376149037,1235,6,17,31,3667,256
frozen,CCR5_HUMAN_Gill_2023,fold_contiguous_5,difference_at_position,32,1,esm2_t12_35M_UR50D,0.1507717223198968,1235,4,15,32,3667,256
frozen,CCR5_HUMAN_Gill_2023,fold_contiguous_5,difference_at_position,32,2,esm2_t12_35M_UR50D,0.12893759848526212,1235,3,14,30,3667,256
frozen,CCR5_HUMAN_Gill_2023,fold_contiguous_5,difference_at_position,128,0,esm2_t12_35M_UR50D,0.12224851264422229,1235,6,17,100,3667,256
frozen,CCR5_HUMAN_Gill_2023,fold_contiguous_5,difference_at_position,128,1,esm2_t12_35M_UR50D,0.12196928630280618,1235,7,18,94,3667,256
frozen,CCR5_HUMAN_Gill_2023,fold_contiguous_5,difference_at_position,128,2,esm2_t12_35M_UR50D,0.14278712308882693,1235,4,15,100,3667,256
frozen,CCR5_HUMAN_Gill_2023,fold_contiguous_5,difference_at_position,512,0,esm2_t12_35M_UR50D,0.24143125957730632,1235,3,14,179,3667,256
frozen,CCR5_HUMAN_Gill_2023,fold_contiguous_5,difference_at_position,512,1,esm2_t12_35M_UR50D,0.27531547803882644,1235,3,14,185,3667,256
frozen,CCR5_HUMAN_Gill_2023,fold_contiguous_5,difference_at_position,512,2,esm2_t12_35M_UR50D,0.28616094002798553,1235,8,19,182,3667,256
frozen,CCR5_HUMAN_Gill_2023,fold_contiguous_5,difference_at_position,2048,0,esm2_t12_35M_UR50D,0.3173921419326911,1235,3,14,193,3667,256
frozen,CCR5_HUMAN_Gill_2023,fold_contiguous_5,difference_at_position,2048,1,esm2_t12_35M_UR50D,0.2511532671549654,1235,13,24,193,3667,256
frozen,CCR5_HUMAN_Gill_2023,fold_contiguous_5,difference_at_position,2048,2,esm2_t12_35M_UR50D,0.30377137206000465,1235,2,13,193,3667,256
frozen,R1AB_SARS2_Flynn_2022,fold_random_5,mean,32,0,esm2_t12_35M_UR50D,0.021753611914300152,1147,2,13,30,3428,256
frozen,R1AB_SARS2_Flynn_2022,fold_random_5,mean,32,1,esm2_t12_35M_UR50D,0.03694645091909299,1147,2,13,30,3428,256
frozen,R1AB_SARS2_Flynn_2022,fold_random_5,mean,32,2,esm2_t12_35M_UR50D,0.056267939571760794,1147,3,14,31,3428,256
frozen,R1AB_SARS2_Flynn_2022,fold_random_5,mean,128,0,esm2_t12_35M_UR50D,0.01613411382514926,1147,2,13,107,3428,256
frozen,R1AB_SARS2_Flynn_2022,fold_random_5,mean,128,1,esm2_t12_35M_UR50D,0.04674455490764648,1147,9,20,108,3428,256
frozen,R1AB_SARS2_Flynn_2022,fold_random_5,mean,128,2,esm2_t12_35M_UR50D,0.0440078077094229,1147,3,14,107,3428,256
frozen,R1AB_SARS2_Flynn_2022,fold_random_5,mean,512,0,esm2_t12_35M_UR50D,0.1521584727530945,1147,198,200,244,3428,256
frozen,R1AB_SARS2_Flynn_2022,fold_random_5,mean,512,1,esm2_t12_35M_UR50D,0.07399931946031067,1147,10,21,258,3428,256
frozen,R1AB_SARS2_Flynn_2022,fold_random_5,mean,512,2,esm2_t12_35M_UR50D,0.07752037572855727,1147,24,35,252,3428,256
frozen,R1AB_SARS2_Flynn_2022,fold_random_5,mean,2048,0,esm2_t12_35M_UR50D,0.25027743495083804,1147,116,127,303,3428,256
frozen,R1AB_SARS2_Flynn_2022,fold_random_5,mean,2048,1,esm2_t12_35M_UR50D,0.24626929812070752,1147,80,91,303,3428,256
frozen,R1AB_SARS2_Flynn_2022,fold_random_5,mean,2048,2,esm2_t12_35M_UR50D,0.23535550218378185,1147,103,114,302,3428,256
frozen,R1AB_SARS2_Flynn_2022,fold_random_5,at_position,32,0,esm2_t12_35M_UR50D,0.04745658531686766,1147,2,13,30,3428,256
frozen,R1AB_SARS2_Flynn_2022,fold_random_5,at_position,32,1,esm2_t12_35M_UR50D,-0.03906500409645478,1147,2,13,30,3428,256
frozen,R1AB_SARS2_Flynn_2022,fold_random_5,at_position,32,2,esm2_t12_35M_UR50D,0.06256153171226021,1147,3,14,31,3428,256
frozen,R1AB_SARS2_Flynn_2022,fold_random_5,at_position,128,0,esm2_t12_35M_UR50D,0.227064851221944,1147,12,23,107,3428,256
frozen,R1AB_SARS2_Flynn_2022,fold_random_5,at_position,128,1,esm2_t12_35M_UR50D,0.24994175357083734,1147,8,19,108,3428,256
frozen,R1AB_SARS2_Flynn_2022,fold_random_5,at_position,128,2,esm2_t12_35M_UR50D,0.3158748425986574,1147,57,68,107,3428,256
frozen,R1AB_SARS2_Flynn_2022,fold_random_5,at_position,512,0,esm2_t12_35M_UR50D,0.5269346534150189,1147,35,46,244,3428,256
frozen,R1AB_SARS2_Flynn_2022,fold_random_5,at_position,512,1,esm2_t12_35M_UR50D,0.5061857556677565,1147,26,37,258,3428,256
frozen,R1AB_SARS2_Flynn_2022,fold_random_5,at_position,512,2,esm2_t12_35M_UR50D,0.5476352888128256,1147,57,68,252,3428,256
frozen,R1AB_SARS2_Flynn_2022,fold_random_5,at_position,2048,0,esm2_t12_35M_UR50D,0.7641887848160686,1147,100,111,303,3428,256
frozen,R1AB_SARS2_Flynn_2022,fold_random_5,at_position,2048,1,esm2_t12_35M_UR50D,0.7539148129214078,1147,76,87,303,3428,256
frozen,R1AB_SARS2_Flynn_2022,fold_random_5,at_position,2048,2,esm2_t12_35M_UR50D,0.7325377014515715,1147,54,65,302,3428,256
frozen,R1AB_SARS2_Flynn_2022,fold_random_5,difference_at_position,32,0,esm2_t12_35M_UR50D,0.14488292893184948,1147,23,34,30,3428,256
frozen,R1AB_SARS2_Flynn_2022,fold_random_5,difference_at_position,32,1,esm2_t12_35M_UR50D,0.12506094026189923,1147,21,32,30,3428,256
frozen,R1AB_SARS2_Flynn_2022,fold_random_5,difference_at_position,32,2,esm2_t12_35M_UR50D,0.14857363485026084,1147,55,66,31,3428,256
frozen,R1AB_SARS2_Flynn_2022,fold_random_5,difference_at_position,128,0,esm2_t12_35M_UR50D,0.08471936561085971,1147,11,22,107,3428,256
frozen,R1AB_SARS2_Flynn_2022,fold_random_5,difference_at_position,128,1,esm2_t12_35M_UR50D,0.2842171111332962,1147,27,38,108,3428,256
frozen,R1AB_SARS2_Flynn_2022,fold_random_5,difference_at_position,128,2,esm2_t12_35M_UR50D,0.2682751640677337,1147,45,56,107,3428,256
frozen,R1AB_SARS2_Flynn_2022,fold_random_5,difference_at_position,512,0,esm2_t12_35M_UR50D,0.4096696531642838,1147,42,53,244,3428,256
frozen,R1AB_SARS2_Flynn_2022,fold_random_5,difference_at_position,512,1,esm2_t12_35M_UR50D,0.4227818313256254,1147,45,56,258,3428,256
frozen,R1AB_SARS2_Flynn_2022,fold_random_5,difference_at_position,512,2,esm2_t12_35M_UR50D,0.39986198669842254,1147,37,48,252,3428,256
frozen,R1AB_SARS2_Flynn_2022,fold_random_5,difference_at_position,2048,0,esm2_t12_35M_UR50D,0.6932099224209572,1147,73,84,303,3428,256
frozen,R1AB_SARS2_Flynn_2022,fold_random_5,difference_at_position,2048,1,esm2_t12_35M_UR50D,0.6965339503810045,1147,60,71,303,3428,256
frozen,R1AB_SARS2_Flynn_2022,fold_random_5,difference_at_position,2048,2,esm2_t12_35M_UR50D,0.6898612915106503,1147,67,78,302,3428,256
frozen,R1AB_SARS2_Flynn_2022,fold_modulo_5,mean,32,0,esm2_t12_35M_UR50D,-0.02616637139234132,1150,2,13,28,3421,256
frozen,R1AB_SARS2_Flynn_2022,fold_modulo_5,mean,32,1,esm2_t12_35M_UR50D,-0.005984993477151259,1150,2,13,31,3421,256
frozen,R1AB_SARS2_Flynn_2022,fold_modulo_5,mean,32,2,esm2_t12_35M_UR50D,-0.1101964336690971,1150,12,23,31,3421,256
frozen,R1AB_SARS2_Flynn_2022,fold_modulo_5,mean,128,0,esm2_t12_35M_UR50D,0.066409819591546,1150,22,33,93,3421,256
frozen,R1AB_SARS2_Flynn_2022,fold_modulo_5,mean,128,1,esm2_t12_35M_UR50D,0.028590738203416552,1150,21,32,92,3421,256
frozen,R1AB_SARS2_Flynn_2022,fold_modulo_5,mean,128,2,esm2_t12_35M_UR50D,0.055315218944687626,1150,3,14,88,3421,256
frozen,R1AB_SARS2_Flynn_2022,fold_modulo_5,mean,512,0,esm2_t12_35M_UR50D,0.06117008730442059,1150,29,40,170,3421,256
frozen,R1AB_SARS2_Flynn_2022,fold_modulo_5,mean,512,1,esm2_t12_35M_UR50D,0.16147850164195768,1150,19,30,167,3421,256
frozen,R1AB_SARS2_Flynn_2022,fold_modulo_5,mean,512,2,esm2_t12_35M_UR50D,0.054426502559590015,1150,1,12,176,3421,256
frozen,R1AB_SARS2_Flynn_2022,fold_modulo_5,mean,2048,0,esm2_t12_35M_UR50D,0.06460327948147683,1150,4,15,181,3421,256
frozen,R1AB_SARS2_Flynn_2022,fold_modulo_5,mean,2048,1,esm2_t12_35M_UR50D,0.09358268471773647,1150,40,51,181,3421,256
frozen,R1AB_SARS2_Flynn_2022,fold_modulo_5,mean,2048,2,esm2_t12_35M_UR50D,0.09624912715640076,1150,5,16,181,3421,256
frozen,R1AB_SARS2_Flynn_2022,fold_modulo_5,at_position,32,0,esm2_t12_35M_UR50D,-0.0207245472726091,1150,12,23,28,3421,256
frozen,R1AB_SARS2_Flynn_2022,fold_modulo_5,at_position,32,1,esm2_t12_35M_UR50D,1.7788457602844577e-05,1150,2,13,31,3421,256
frozen,R1AB_SARS2_Flynn_2022,fold_modulo_5,at_position,32,2,esm2_t12_35M_UR50D,0.012261190523318928,1150,3,14,31,3421,256
frozen,R1AB_SARS2_Flynn_2022,fold_modulo_5,at_position,128,0,esm2_t12_35M_UR50D,0.11309089047720823,1150,12,23,93,3421,256
frozen,R1AB_SARS2_Flynn_2022,fold_modulo_5,at_position,128,1,esm2_t12_35M_UR50D,0.09706260252946029,1150,11,22,92,3421,256
frozen,R1AB_SARS2_Flynn_2022,fold_modulo_5,at_position,128,2,esm2_t12_35M_UR50D,0.13862140242598028,1150,13,24,88,3421,256
frozen,R1AB_SARS2_Flynn_2022,fold_modulo_5,at_position,512,0,esm2_t12_35M_UR50D,0.16831558909373054,1150,5,16,170,3421,256
frozen,R1AB_SARS2_Flynn_2022,fold_modulo_5,at_position,512,1,esm2_t12_35M_UR50D,0.29217124221052254,1150,18,29,167,3421,256
frozen,R1AB_SARS2_Flynn_2022,fold_modulo_5,at_position,512,2,esm2_t12_35M_UR50D,0.24957062809647232,1150,11,22,176,3421,256
frozen,R1AB_SARS2_Flynn_2022,fold_modulo_5,at_position,2048,0,esm2_t12_35M_UR50D,0.2747248879320267,1150,4,15,181,3421,256
frozen,R1AB_SARS2_Flynn_2022,fold_modulo_5,at_position,2048,1,esm2_t12_35M_UR50D,0.32387541017948335,1150,3,14,181,3421,256
frozen,R1AB_SARS2_Flynn_2022,fold_modulo_5,at_position,2048,2,esm2_t12_35M_UR50D,0.29028134976480796,1150,4,15,181,3421,256
frozen,R1AB_SARS2_Flynn_2022,fold_modulo_5,difference_at_position,32,0,esm2_t12_35M_UR50D,0.12315907857841071,1150,32,43,28,3421,256
frozen,R1AB_SARS2_Flynn_2022,fold_modulo_5,difference_at_position,32,1,esm2_t12_35M_UR50D,0.17075063918023184,1150,11,22,31,3421,256
frozen,R1AB_SARS2_Flynn_2022,fold_modulo_5,difference_at_position,32,2,esm2_t12_35M_UR50D,-0.01900681111717451,1150,41,52,31,3421,256
frozen,R1AB_SARS2_Flynn_2022,fold_modulo_5,difference_at_position,128,0,esm2_t12_35M_UR50D,0.19597254959706226,1150,27,38,93,3421,256
frozen,R1AB_SARS2_Flynn_2022,fold_modulo_5,difference_at_position,128,1,esm2_t12_35M_UR50D,0.17614535880145482,1150,28,39,92,3421,256
frozen,R1AB_SARS2_Flynn_2022,fold_modulo_5,difference_at_position,128,2,esm2_t12_35M_UR50D,0.17905340275263462,1150,29,40,88,3421,256
frozen,R1AB_SARS2_Flynn_2022,fold_modulo_5,difference_at_position,512,0,esm2_t12_35M_UR50D,0.1644952012292144,1150,14,25,170,3421,256
frozen,R1AB_SARS2_Flynn_2022,fold_modulo_5,difference_at_position,512,1,esm2_t12_35M_UR50D,0.24124099050029693,1150,14,25,167,3421,256
frozen,R1AB_SARS2_Flynn_2022,fold_modulo_5,difference_at_position,512,2,esm2_t12_35M_UR50D,0.2639549217050448,1150,18,29,176,3421,256
frozen,R1AB_SARS2_Flynn_2022,fold_modulo_5,difference_at_position,2048,0,esm2_t12_35M_UR50D,0.22721443070376945,1150,13,24,181,3421,256
frozen,R1AB_SARS2_Flynn_2022,fold_modulo_5,difference_at_position,2048,1,esm2_t12_35M_UR50D,0.21441239061346212,1150,13,24,181,3421,256
frozen,R1AB_SARS2_Flynn_2022,fold_modulo_5,difference_at_position,2048,2,esm2_t12_35M_UR50D,0.1934284253753196,1150,24,35,181,3421,256
frozen,R1AB_SARS2_Flynn_2022,fold_contiguous_5,mean,32,0,esm2_t12_35M_UR50D,0.08699551537375108,1138,3,14,29,3429,256
frozen,R1AB_SARS2_Flynn_2022,fold_contiguous_5,mean,32,1,esm2_t12_35M_UR50D,0.0769782651577127,1138,8,19,32,3429,256
frozen,R1AB_SARS2_Flynn_2022,fold_contiguous_5,mean,32,2,esm2_t12_35M_UR50D,0.0824669119511514,1138,4,15,28,3429,256
frozen,R1AB_SARS2_Flynn_2022,fold_contiguous_5,mean,128,0,esm2_t12_35M_UR50D,0.08687585826070221,1138,3,14,96,3429,256
frozen,R1AB_SARS2_Flynn_2022,fold_contiguous_5,mean,128,1,esm2_t12_35M_UR50D,0.05637232833042894,1138,9,20,97,3429,256
frozen,R1AB_SARS2_Flynn_2022,fold_contiguous_5,mean,128,2,esm2_t12_35M_UR50D,0.09157167102521194,1138,4,15,94,3429,256
frozen,R1AB_SARS2_Flynn_2022,fold_contiguous_5,mean,512,0,esm2_t12_35M_UR50D,0.05409782596411183,1138,5,16,174,3429,256
frozen,R1AB_SARS2_Flynn_2022,fold_contiguous_5,mean,512,1,esm2_t12_35M_UR50D,0.04658425926767312,1138,4,15,173,3429,256
frozen,R1AB_SARS2_Flynn_2022,fold_contiguous_5,mean,512,2,esm2_t12_35M_UR50D,0.06284177324899004,1138,6,17,169,3429,256
frozen,R1AB_SARS2_Flynn_2022,fold_contiguous_5,mean,2048,0,esm2_t12_35M_UR50D,0.03423743126596347,1138,3,14,181,3429,256
frozen,R1AB_SARS2_Flynn_2022,fold_contiguous_5,mean,2048,1,esm2_t12_35M_UR50D,0.020595669591229777,1138,2,13,181,3429,256
frozen,R1AB_SARS2_Flynn_2022,fold_contiguous_5,mean,2048,2,esm2_t12_35M_UR50D,0.03322961643853815,1138,3,14,181,3429,256
frozen,R1AB_SARS2_Flynn_2022,fold_contiguous_5,at_position,32,0,esm2_t12_35M_UR50D,0.16178240890334594,1138,3,14,29,3429,256
frozen,R1AB_SARS2_Flynn_2022,fold_contiguous_5,at_position,32,1,esm2_t12_35M_UR50D,0.11463899970495448,1138,6,17,32,3429,256
frozen,R1AB_SARS2_Flynn_2022,fold_contiguous_5,at_position,32,2,esm2_t12_35M_UR50D,0.14524631746863426,1138,4,15,28,3429,256
frozen,R1AB_SARS2_Flynn_2022,fold_contiguous_5,at_position,128,0,esm2_t12_35M_UR50D,0.2147181568841299,1138,7,18,96,3429,256
frozen,R1AB_SARS2_Flynn_2022,fold_contiguous_5,at_position,128,1,esm2_t12_35M_UR50D,0.13940474066703779,1138,3,14,97,3429,256
frozen,R1AB_SARS2_Flynn_2022,fold_contiguous_5,at_position,128,2,esm2_t12_35M_UR50D,0.25543720164481126,1138,10,21,94,3429,256
frozen,R1AB_SARS2_Flynn_2022,fold_contiguous_5,at_position,512,0,esm2_t12_35M_UR50D,0.1913449127047224,1138,4,15,174,3429,256
frozen,R1AB_SARS2_Flynn_2022,fold_contiguous_5,at_position,512,1,esm2_t12_35M_UR50D,0.2184663926861732,1138,3,14,173,3429,256
frozen,R1AB_SARS2_Flynn_2022,fold_contiguous_5,at_position,512,2,esm2_t12_35M_UR50D,0.26737897610745676,1138,5,16,169,3429,256
frozen,R1AB_SARS2_Flynn_2022,fold_contiguous_5,at_position,2048,0,esm2_t12_35M_UR50D,0.2316339021391824,1138,0,11,181,3429,256
frozen,R1AB_SARS2_Flynn_2022,fold_contiguous_5,at_position,2048,1,esm2_t12_35M_UR50D,0.22259127353320599,1138,0,11,181,3429,256
frozen,R1AB_SARS2_Flynn_2022,fold_contiguous_5,at_position,2048,2,esm2_t12_35M_UR50D,0.3252833492237883,1138,3,14,181,3429,256
frozen,R1AB_SARS2_Flynn_2022,fold_contiguous_5,difference_at_position,32,0,esm2_t12_35M_UR50D,0.21978833479967222,1138,15,26,29,3429,256
frozen,R1AB_SARS2_Flynn_2022,fold_contiguous_5,difference_at_position,32,1,esm2_t12_35M_UR50D,0.013328916654424844,1138,14,25,32,3429,256
frozen,R1AB_SARS2_Flynn_2022,fold_contiguous_5,difference_at_position,32,2,esm2_t12_35M_UR50D,0.028162862353172342,1138,42,53,28,3429,256
frozen,R1AB_SARS2_Flynn_2022,fold_contiguous_5,difference_at_position,128,0,esm2_t12_35M_UR50D,0.08656212563458497,1138,17,28,96,3429,256
frozen,R1AB_SARS2_Flynn_2022,fold_contiguous_5,difference_at_position,128,1,esm2_t12_35M_UR50D,0.18029103123319898,1138,27,38,97,3429,256
frozen,R1AB_SARS2_Flynn_2022,fold_contiguous_5,difference_at_position,128,2,esm2_t12_35M_UR50D,0.11950397173979067,1138,33,44,94,3429,256
frozen,R1AB_SARS2_Flynn_2022,fold_contiguous_5,difference_at_position,512,0,esm2_t12_35M_UR50D,0.05361251977998188,1138,15,26,174,3429,256
frozen,R1AB_SARS2_Flynn_2022,fold_contiguous_5,difference_at_position,512,1,esm2_t12_35M_UR50D,0.13385410181443033,1138,19,30,173,3429,256
frozen,R1AB_SARS2_Flynn_2022,fold_contiguous_5,difference_at_position,512,2,esm2_t12_35M_UR50D,0.1409198215588222,1138,28,39,169,3429,256
frozen,R1AB_SARS2_Flynn_2022,fold_contiguous_5,difference_at_position,2048,0,esm2_t12_35M_UR50D,0.16377996185908114,1138,6,17,181,3429,256
frozen,R1AB_SARS2_Flynn_2022,fold_contiguous_5,difference_at_position,2048,1,esm2_t12_35M_UR50D,0.1521770439018082,1138,6,17,181,3429,256
frozen,R1AB_SARS2_Flynn_2022,fold_contiguous_5,difference_at_position,2048,2,esm2_t12_35M_UR50D,0.13963112504531222,1138,7,18,181,3429,256
