rung,assay,scheme,readout,n,seed,checkpoint,spearman,alpha,n_test,n_val
frozen_ridge,A4GRB6_PSEAI_Chen_2020,fold_random_5,mean,32,0,esm2_t12_35M_UR50D,0.2810653770479113,1000.0,972,256
frozen_ridge,A4GRB6_PSEAI_Chen_2020,fold_random_5,mean,32,1,esm2_t12_35M_UR50D,0.12829624486375296,1000.0,972,256
frozen_ridge,A4GRB6_PSEAI_Chen_2020,fold_random_5,mean,32,2,esm2_t12_35M_UR50D,0.3025056913258401,1000.0,972,256
frozen_ridge,A4GRB6_PSEAI_Chen_2020,fold_random_5,mean,128,0,esm2_t12_35M_UR50D,0.464604446434842,100.0,972,256
frozen_ridge,A4GRB6_PSEAI_Chen_2020,fold_random_5,mean,128,1,esm2_t12_35M_UR50D,0.47924433572002023,100.0,972,256
frozen_ridge,A4GRB6_PSEAI_Chen_2020,fold_random_5,mean,128,2,esm2_t12_35M_UR50D,0.48777806094424475,100.0,972,256
frozen_ridge,A4GRB6_PSEAI_Chen_2020,fold_random_5,mean,512,0,esm2_t12_35M_UR50D,0.6495624189514391,100.0,972,256
frozen_ridge,A4GRB6_PSEAI_Chen_2020,fold_random_5,mean,512,1,esm2_t12_35M_UR50D,0.6234214498507286,100.0,972,256
frozen_ridge,A4GRB6_PSEAI_Chen_2020,fold_random_5,mean,512,2,esm2_t12_35M_UR50D,0.6002543036108768,100.0,972,256
frozen_ridge,A4GRB6_PSEAI_Chen_2020,fold_random_5,mean,2048,0,esm2_t12_35M_UR50D,0.7296462341349191,100.0,972,256
frozen_ridge,A4GRB6_PSEAI_Chen_2020,fold_random_5,mean,2048,1,esm2_t12_35M_UR50D,0.7288326172958941,100.0,972,256
frozen_ridge,A4GRB6_PSEAI_Chen_2020,fold_random_5,mean,2048,2,esm2_t12_35M_UR50D,0.7264147520033438,100.0,972,256
frozen_ridge,A4GRB6_PSEAI_Chen_2020,fold_random_5,at_position,32,0,esm2_t12_35M_UR50D,0.5257954018842219,100.0,972,256
frozen_ridge,A4GRB6_PSEAI_Chen_2020,fold_random_5,at_position,32,1,esm2_t12_35M_UR50D,0.4463428619568177,100.0,972,256
frozen_ridge,A4GRB6_PSEAI_Chen_2020,fold_random_5,at_position,32,2,esm2_t12_35M_UR50D,0.4717371706087633,100.0,972,256
frozen_ridge,A4GRB6_PSEAI_Chen_2020,fold_random_5,at_position,128,0,esm2_t12_35M_UR50D,0.6462868480492281,100.0,972,256
frozen_ridge,A4GRB6_PSEAI_Chen_2020,fold_random_5,at_position,128,1,esm2_t12_35M_UR50D,0.6311777805454131,1000.0,972,256
frozen_ridge,A4GRB6_PSEAI_Chen_2020,fold_random_5,at_position,128,2,esm2_t12_35M_UR50D,0.6175737552275868,100.0,972,256
frozen_ridge,A4GRB6_PSEAI_Chen_2020,fold_random_5,at_position,512,0,esm2_t12_35M_UR50D,0.7652611665755424,100.0,972,256
frozen_ridge,A4GRB6_PSEAI_Chen_2020,fold_random_5,at_position,512,1,esm2_t12_35M_UR50D,0.7795856395164384,100.0,972,256
frozen_ridge,A4GRB6_PSEAI_Chen_2020,fold_random_5,at_position,512,2,esm2_t12_35M_UR50D,0.7389097239038088,1000.0,972,256
frozen_ridge,A4GRB6_PSEAI_Chen_2020,fold_random_5,at_position,2048,0,esm2_t12_35M_UR50D,0.8333487069073265,100.0,972,256
frozen_ridge,A4GRB6_PSEAI_Chen_2020,fold_random_5,at_position,2048,1,esm2_t12_35M_UR50D,0.8318797694259218,100.0,972,256
frozen_ridge,A4GRB6_PSEAI_Chen_2020,fold_random_5,at_position,2048,2,esm2_t12_35M_UR50D,0.833013428401999,100.0,972,256
frozen_ridge,A4GRB6_PSEAI_Chen_2020,fold_random_5,difference_at_position,32,0,esm2_t12_35M_UR50D,0.09010326925551902,1000.0,972,256
frozen_ridge,A4GRB6_PSEAI_Chen_2020,fold_random_5,difference_at_position,32,1,esm2_t12_35M_UR50D,0.05133984454174028,10000.0,972,256
frozen_ridge,A4GRB6_PSEAI_Chen_2020,fold_random_5,difference_at_position,32,2,esm2_t12_35M_UR50D,0.258376007251675,1000.0,972,256
frozen_ridge,A4GRB6_PSEAI_Chen_2020,fold_random_5,difference_at_position,128,0,esm2_t12_35M_UR50D,0.43215724120228116,100.0,972,256
frozen_ridge,A4GRB6_PSEAI_Chen_2020,fold_random_5,difference_at_position,128,1,esm2_t12_35M_UR50D,0.34626130034458363,1000.0,972,256
frozen_ridge,A4GRB6_PSEAI_Chen_2020,fold_random_5,difference_at_position,128,2,esm2_t12_35M_UR50D,0.31595585023162215,1000.0,972,256
frozen_ridge,A4GRB6_PSEAI_Chen_2020,fold_random_5,difference_at_position,512,0,esm2_t12_35M_UR50D,0.6002831821476596,100.0,972,256
frozen_ridge,A4GRB6_PSEAI_Chen_2020,fold_random_5,difference_at_position,512,1,esm2_t12_35M_UR50D,0.50424299535083,1000.0,972,256
frozen_ridge,A4GRB6_PSEAI_Chen_2020,fold_random_5,difference_at_position,512,2,esm2_t12_35M_UR50D,0.49028657348098603,1000.0,972,256
frozen_ridge,A4GRB6_PSEAI_Chen_2020,fold_random_5,difference_at_position,2048,0,esm2_t12_35M_UR50D,0.673853815775294,100.0,972,256
frozen_ridge,A4GRB6_PSEAI_Chen_2020,fold_random_5,difference_at_position,2048,1,esm2_t12_35M_UR50D,0.6898199616626316,100.0,972,256
frozen_ridge,A4GRB6_PSEAI_Chen_2020,fold_random_5,difference_at_position,2048,2,esm2_t12_35M_UR50D,0.6945721666336523,100.0,972,256
frozen_ridge,A4GRB6_PSEAI_Chen_2020,fold_modulo_5,mean,32,0,esm2_t12_35M_UR50D,0.28062544517174054,1000.0,1022,256
frozen_ridge,A4GRB6_PSEAI_Chen_2020,fold_modulo_5,mean,32,1,esm2_t12_35M_UR50D,0.24860333667863393,1000.0,1022,256
frozen_ridge,A4GRB6_PSEAI_Chen_2020,fold_modulo_5,mean,32,2,esm2_t12_35M_UR50D,0.27861451652393504,10000.0,1022,256
frozen_ridge,A4GRB6_PSEAI_Chen_2020,fold_modulo_5,mean,128,0,esm2_t12_35M_UR50D,0.1656367495500021,1000.0,1022,256
frozen_ridge,A4GRB6_PSEAI_Chen_2020,fold_modulo_5,mean,128,1,esm2_t12_35M_UR50D,0.2841782810841765,1000.0,1022,256
frozen_ridge,A4GRB6_PSEAI_Chen_2020,fold_modulo_5,mean,128,2,esm2_t12_35M_UR50D,0.3503520771996351,1000.0,1022,256
frozen_ridge,A4GRB6_PSEAI_Chen_2020,fold_modulo_5,mean,512,0,esm2_t12_35M_UR50D,0.3513212961156133,1000.0,1022,256
frozen_ridge,A4GRB6_PSEAI_Chen_2020,fold_modulo_5,mean,512,1,esm2_t12_35M_UR50D,0.35438214244527794,1000.0,1022,256
frozen_ridge,A4GRB6_PSEAI_Chen_2020,fold_modulo_5,mean,512,2,esm2_t12_35M_UR50D,0.3696868462417215,1000.0,1022,256
frozen_ridge,A4GRB6_PSEAI_Chen_2020,fold_modulo_5,mean,2048,0,esm2_t12_35M_UR50D,0.4227311024668161,1000.0,1022,256
frozen_ridge,A4GRB6_PSEAI_Chen_2020,fold_modulo_5,mean,2048,1,esm2_t12_35M_UR50D,0.43827915365268605,100.0,1022,256
frozen_ridge,A4GRB6_PSEAI_Chen_2020,fold_modulo_5,mean,2048,2,esm2_t12_35M_UR50D,0.4455761241575536,100.0,1022,256
frozen_ridge,A4GRB6_PSEAI_Chen_2020,fold_modulo_5,at_position,32,0,esm2_t12_35M_UR50D,0.4428919396115135,10.0,1022,256
frozen_ridge,A4GRB6_PSEAI_Chen_2020,fold_modulo_5,at_position,32,1,esm2_t12_35M_UR50D,0.46153377507923654,100.0,1022,256
frozen_ridge,A4GRB6_PSEAI_Chen_2020,fold_modulo_5,at_position,32,2,esm2_t12_35M_UR50D,0.27492218816304315,100.0,1022,256
frozen_ridge,A4GRB6_PSEAI_Chen_2020,fold_modulo_5,at_position,128,0,esm2_t12_35M_UR50D,0.4519573296586121,1000.0,1022,256
frozen_ridge,A4GRB6_PSEAI_Chen_2020,fold_modulo_5,at_position,128,1,esm2_t12_35M_UR50D,0.5813198665747635,1000.0,1022,256
frozen_ridge,A4GRB6_PSEAI_Chen_2020,fold_modulo_5,at_position,128,2,esm2_t12_35M_UR50D,0.5504464944578721,100.0,1022,256
frozen_ridge,A4GRB6_PSEAI_Chen_2020,fold_modulo_5,at_position,512,0,esm2_t12_35M_UR50D,0.5686403063261032,1000.0,1022,256
frozen_ridge,A4GRB6_PSEAI_Chen_2020,fold_modulo_5,at_position,512,1,esm2_t12_35M_UR50D,0.6327173376066636,1000.0,1022,256
frozen_ridge,A4GRB6_PSEAI_Chen_2020,fold_modulo_5,at_position,512,2,esm2_t12_35M_UR50D,0.5682463212031192,1000.0,1022,256
frozen_ridge,A4GRB6_PSEAI_Chen_2020,fold_modulo_5,at_position,2048,0,esm2_t12_35M_UR50D,0.6144143133816036,1000.0,1022,256
frozen_ridge,A4GRB6_PSEAI_Chen_2020,fold_modulo_5,at_position,2048,1,esm2_t12_35M_UR50D,0.6224410899806904,1000.0,1022,256
frozen_ridge,A4GRB6_PSEAI_Chen_2020,fold_modulo_5,at_position,2048,2,esm2_t12_35M_UR50D,0.6123373338012622,1000.0,1022,256
frozen_ridge,A4GRB6_PSEAI_Chen_2020,fold_modulo_5,difference_at_position,32,0,esm2_t12_35M_UR50D,0.35527112990570403,1000.0,1022,256
frozen_ridge,A4GRB6_PSEAI_Chen_2020,fold_modulo_5,difference_at_position,32,1,esm2_t12_35M_UR50D,0.1646974895564068,1000.0,1022,256
frozen_ridge,A4GRB6_PSEAI_Chen_2020,fold_modulo_5,difference_at_position,32,2,esm2_t12_35M_UR50D,0.28314507921515897,100000000.0,1022,256
frozen_ridge,A4GRB6_PSEAI_Chen_2020,fold_modulo_5,difference_at_position,128,0,esm2_t12_35M_UR50D,0.2858302374234482,100.0,1022,256
frozen_ridge,A4GRB6_PSEAI_Chen_2020,fold_modulo_5,difference_at_position,128,1,esm2_t12_35M_UR50D,0.2505483058929184,1000.0,1022,256
frozen_ridge,A4GRB6_PSEAI_Chen_2020,fold_modulo_5,difference_at_position,128,2,esm2_t12_35M_UR50D,0.24879816522790868,100.0,1022,256
frozen_ridge,A4GRB6_PSEAI_Chen_2020,fold_modulo_5,difference_at_position,512,0,esm2_t12_35M_UR50D,0.2657019560157941,1000.0,1022,256
frozen_ridge,A4GRB6_PSEAI_Chen_2020,fold_modulo_5,difference_at_position,512,1,esm2_t12_35M_UR50D,0.27906142079902746,1000.0,1022,256
frozen_ridge,A4GRB6_PSEAI_Chen_2020,fold_modulo_5,difference_at_position,512,2,esm2_t12_35M_UR50D,0.22633737093233933,1000.0,1022,256
frozen_ridge,A4GRB6_PSEAI_Chen_2020,fold_modulo_5,difference_at_position,2048,0,esm2_t12_35M_UR50D,0.2848352302268148,1000.0,1022,256
frozen_ridge,A4GRB6_PSEAI_Chen_2020,fold_modulo_5,difference_at_position,2048,1,esm2_t12_35M_UR50D,0.2769012419749504,1000.0,1022,256
frozen_ridge,A4GRB6_PSEAI_Chen_2020,fold_modulo_5,difference_at_position,2048,2,esm2_t12_35M_UR50D,0.2657876284163493,1000.0,1022,256
frozen_ridge,A4GRB6_PSEAI_Chen_2020,fold_contiguous_5,mean,32,0,esm2_t12_35M_UR50D,0.16781269946038235,10000.0,1020,256
frozen_ridge,A4GRB6_PSEAI_Chen_2020,fold_contiguous_5,mean,32,1,esm2_t12_35M_UR50D,0.09958661221772214,10000.0,1020,256
frozen_ridge,A4GRB6_PSEAI_Chen_2020,fold_contiguous_5,mean,32,2,esm2_t12_35M_UR50D,0.08576323913738298,10000.0,1020,256
frozen_ridge,A4GRB6_PSEAI_Chen_2020,fold_contiguous_5,mean,128,0,esm2_t12_35M_UR50D,0.18539274213970963,1000.0,1020,256
frozen_ridge,A4GRB6_PSEAI_Chen_2020,fold_contiguous_5,mean,128,1,esm2_t12_35M_UR50D,0.0875994125104605,10000.0,1020,256
frozen_ridge,A4GRB6_PSEAI_Chen_2020,fold_contiguous_5,mean,128,2,esm2_t12_35M_UR50D,0.07243446137152246,1000.0,1020,256
frozen_ridge,A4GRB6_PSEAI_Chen_2020,fold_contiguous_5,mean,512,0,esm2_t12_35M_UR50D,0.13506466382269744,1000.0,1020,256
frozen_ridge,A4GRB6_PSEAI_Chen_2020,fold_contiguous_5,mean,512,1,esm2_t12_35M_UR50D,0.11762601486092751,100.0,1020,256
frozen_ridge,A4GRB6_PSEAI_Chen_2020,fold_contiguous_5,mean,512,2,esm2_t12_35M_UR50D,0.16670243537222118,100.0,1020,256
frozen_ridge,A4GRB6_PSEAI_Chen_2020,fold_contiguous_5,mean,2048,0,esm2_t12_35M_UR50D,0.1526125355866016,1000.0,1020,256
frozen_ridge,A4GRB6_PSEAI_Chen_2020,fold_contiguous_5,mean,2048,1,esm2_t12_35M_UR50D,0.16748335748790497,1000.0,1020,256
frozen_ridge,A4GRB6_PSEAI_Chen_2020,fold_contiguous_5,mean,2048,2,esm2_t12_35M_UR50D,0.15104919871522143,1000.0,1020,256
frozen_ridge,A4GRB6_PSEAI_Chen_2020,fold_contiguous_5,at_position,32,0,esm2_t12_35M_UR50D,0.10491226131965321,100.0,1020,256
frozen_ridge,A4GRB6_PSEAI_Chen_2020,fold_contiguous_5,at_position,32,1,esm2_t12_35M_UR50D,0.19557454852021422,10.0,1020,256
frozen_ridge,A4GRB6_PSEAI_Chen_2020,fold_contiguous_5,at_position,32,2,esm2_t12_35M_UR50D,0.17451141906360249,100.0,1020,256
frozen_ridge,A4GRB6_PSEAI_Chen_2020,fold_contiguous_5,at_position,128,0,esm2_t12_35M_UR50D,0.1012309474255437,100.0,1020,256
frozen_ridge,A4GRB6_PSEAI_Chen_2020,fold_contiguous_5,at_position,128,1,esm2_t12_35M_UR50D,0.025384344908850862,100.0,1020,256
frozen_ridge,A4GRB6_PSEAI_Chen_2020,fold_contiguous_5,at_position,128,2,esm2_t12_35M_UR50D,0.10629389188525692,100.0,1020,256
frozen_ridge,A4GRB6_PSEAI_Chen_2020,fold_contiguous_5,at_position,512,0,esm2_t12_35M_UR50D,0.05173787680891431,1000.0,1020,256
frozen_ridge,A4GRB6_PSEAI_Chen_2020,fold_contiguous_5,at_position,512,1,esm2_t12_35M_UR50D,0.11540498913793423,100.0,1020,256
frozen_ridge,A4GRB6_PSEAI_Chen_2020,fold_contiguous_5,at_position,512,2,esm2_t12_35M_UR50D,0.12485984590866525,100.0,1020,256
frozen_ridge,A4GRB6_PSEAI_Chen_2020,fold_contiguous_5,at_position,2048,0,esm2_t12_35M_UR50D,0.031967203985032215,1000.0,1020,256
frozen_ridge,A4GRB6_PSEAI_Chen_2020,fold_contiguous_5,at_position,2048,1,esm2_t12_35M_UR50D,-0.047535360161313676,100.0,1020,256
frozen_ridge,A4GRB6_PSEAI_Chen_2020,fold_contiguous_5,at_position,2048,2,esm2_t12_35M_UR50D,-0.042391586983342305,100.0,1020,256
frozen_ridge,A4GRB6_PSEAI_Chen_2020,fold_contiguous_5,difference_at_position,32,0,esm2_t12_35M_UR50D,0.02257679081605739,1000.0,1020,256
frozen_ridge,A4GRB6_PSEAI_Chen_2020,fold_contiguous_5,difference_at_position,32,1,esm2_t12_35M_UR50D,-0.11135399806737044,1000.0,1020,256
frozen_ridge,A4GRB6_PSEAI_Chen_2020,fold_contiguous_5,difference_at_position,32,2,esm2_t12_35M_UR50D,0.07227444357744424,1000.0,1020,256
frozen_ridge,A4GRB6_PSEAI_Chen_2020,fold_contiguous_5,difference_at_position,128,0,esm2_t12_35M_UR50D,0.19313965688390028,10000.0,1020,256
frozen_ridge,A4GRB6_PSEAI_Chen_2020,fold_contiguous_5,difference_at_position,128,1,esm2_t12_35M_UR50D,0.07750538919372732,1000.0,1020,256
frozen_ridge,A4GRB6_PSEAI_Chen_2020,fold_contiguous_5,difference_at_position,128,2,esm2_t12_35M_UR50D,0.000924147709620229,1000.0,1020,256
frozen_ridge,A4GRB6_PSEAI_Chen_2020,fold_contiguous_5,difference_at_position,512,0,esm2_t12_35M_UR50D,-0.027549147858036145,1000.0,1020,256
frozen_ridge,A4GRB6_PSEAI_Chen_2020,fold_contiguous_5,difference_at_position,512,1,esm2_t12_35M_UR50D,0.04970492372750885,1000.0,1020,256
frozen_ridge,A4GRB6_PSEAI_Chen_2020,fold_contiguous_5,difference_at_position,512,2,esm2_t12_35M_UR50D,0.050734562639231796,1000.0,1020,256
frozen_ridge,A4GRB6_PSEAI_Chen_2020,fold_contiguous_5,difference_at_position,2048,0,esm2_t12_35M_UR50D,0.03990350319756709,10000.0,1020,256
frozen_ridge,A4GRB6_PSEAI_Chen_2020,fold_contiguous_5,difference_at_position,2048,1,esm2_t12_35M_UR50D,0.04284185541259821,10000.0,1020,256
frozen_ridge,A4GRB6_PSEAI_Chen_2020,fold_contiguous_5,difference_at_position,2048,2,esm2_t12_35M_UR50D,0.04875770794496659,10000.0,1020,256
frozen_ridge,CCR5_HUMAN_Gill_2023,fold_random_5,mean,32,0,esm2_t12_35M_UR50D,0.11838655313959195,1000.0,1172,256
frozen_ridge,CCR5_HUMAN_Gill_2023,fold_random_5,mean,32,1,esm2_t12_35M_UR50D,0.09788085579564816,1000.0,1172,256
frozen_ridge,CCR5_HUMAN_Gill_2023,fold_random_5,mean,32,2,esm2_t12_35M_UR50D,0.18875306903460057,1000.0,1172,256
frozen_ridge,CCR5_HUMAN_Gill_2023,fold_random_5,mean,128,0,esm2_t12_35M_UR50D,0.20909996333886566,1000.0,1172,256
frozen_ridge,CCR5_HUMAN_Gill_2023,fold_random_5,mean,128,1,esm2_t12_35M_UR50D,0.26029176665782616,1000.0,1172,256
frozen_ridge,CCR5_HUMAN_Gill_2023,fold_random_5,mean,128,2,esm2_t12_35M_UR50D,0.21219119933605232,1000.0,1172,256
frozen_ridge,CCR5_HUMAN_Gill_2023,fold_random_5,mean,512,0,esm2_t12_35M_UR50D,0.348225374147497,1000.0,1172,256
frozen_ridge,CCR5_HUMAN_Gill_2023,fold_random_5,mean,512,1,esm2_t12_35M_UR50D,0.2907751031337141,1000.0,1172,256
frozen_ridge,CCR5_HUMAN_Gill_2023,fold_random_5,mean,512,2,esm2_t12_35M_UR50D,0.3237854960497316,1000.0,1172,256
frozen_ridge,CCR5_HUMAN_Gill_2023,fold_random_5,mean,2048,0,esm2_t12_35M_UR50D,0.38187924081022606,1000.0,1172,256
frozen_ridge,CCR5_HUMAN_Gill_2023,fold_random_5,mean,2048,1,esm2_t12_35M_UR50D,0.374152598798114,1000.0,1172,256
frozen_ridge,CCR5_HUMAN_Gill_2023,fold_random_5,mean,2048,2,esm2_t12_35M_UR50D,0.3520959592840177,10000.0,1172,256
frozen_ridge,CCR5_HUMAN_Gill_2023,fold_random_5,at_position,32,0,esm2_t12_35M_UR50D,0.1563095146143408,1000.0,1172,256
frozen_ridge,CCR5_HUMAN_Gill_2023,fold_random_5,at_position,32,1,esm2_t12_35M_UR50D,0.17646001125969674,1000.0,1172,256
frozen_ridge,CCR5_HUMAN_Gill_2023,fold_random_5,at_position,32,2,esm2_t12_35M_UR50D,0.26162809831166856,1000.0,1172,256
frozen_ridge,CCR5_HUMAN_Gill_2023,fold_random_5,at_position,128,0,esm2_t12_35M_UR50D,0.3056341000350044,1000.0,1172,256
frozen_ridge,CCR5_HUMAN_Gill_2023,fold_random_5,at_position,128,1,esm2_t12_35M_UR50D,0.28131025421513917,10000.0,1172,256
frozen_ridge,CCR5_HUMAN_Gill_2023,fold_random_5,at_position,128,2,esm2_t12_35M_UR50D,0.3079910066116272,1000.0,1172,256
frozen_ridge,CCR5_HUMAN_Gill_2023,fold_random_5,at_position,512,0,esm2_t12_35M_UR50D,0.3986058907519813,1000.0,1172,256
frozen_ridge,CCR5_HUMAN_Gill_2023,fold_random_5,at_position,512,1,esm2_t12_35M_UR50D,0.38570887250110997,1000.0,1172,256
frozen_ridge,CCR5_HUMAN_Gill_2023,fold_random_5,at_position,512,2,esm2_t12_35M_UR50D,0.37973299028997337,1000.0,1172,256
frozen_ridge,CCR5_HUMAN_Gill_2023,fold_random_5,at_position,2048,0,esm2_t12_35M_UR50D,0.45973710799916795,1000.0,1172,256
frozen_ridge,CCR5_HUMAN_Gill_2023,fold_random_5,at_position,2048,1,esm2_t12_35M_UR50D,0.4698980685888018,1000.0,1172,256
frozen_ridge,CCR5_HUMAN_Gill_2023,fold_random_5,at_position,2048,2,esm2_t12_35M_UR50D,0.4613189217920189,1000.0,1172,256
frozen_ridge,CCR5_HUMAN_Gill_2023,fold_random_5,difference_at_position,32,0,esm2_t12_35M_UR50D,0.028972121587341967,10000.0,1172,256
frozen_ridge,CCR5_HUMAN_Gill_2023,fold_random_5,difference_at_position,32,1,esm2_t12_35M_UR50D,0.11320779091132754,1000.0,1172,256
frozen_ridge,CCR5_HUMAN_Gill_2023,fold_random_5,difference_at_position,32,2,esm2_t12_35M_UR50D,0.11744803046523662,10000.0,1172,256
frozen_ridge,CCR5_HUMAN_Gill_2023,fold_random_5,difference_at_position,128,0,esm2_t12_35M_UR50D,0.1645241131295674,1000.0,1172,256
frozen_ridge,CCR5_HUMAN_Gill_2023,fold_random_5,difference_at_position,128,1,esm2_t12_35M_UR50D,0.21849717645675149,1000.0,1172,256
frozen_ridge,CCR5_HUMAN_Gill_2023,fold_random_5,difference_at_position,128,2,esm2_t12_35M_UR50D,0.14066504866493082,10000.0,1172,256
frozen_ridge,CCR5_HUMAN_Gill_2023,fold_random_5,difference_at_position,512,0,esm2_t12_35M_UR50D,0.3128137929031628,1000.0,1172,256
frozen_ridge,CCR5_HUMAN_Gill_2023,fold_random_5,difference_at_position,512,1,esm2_t12_35M_UR50D,0.27141622898922135,1000.0,1172,256
frozen_ridge,CCR5_HUMAN_Gill_2023,fold_random_5,difference_at_position,512,2,esm2_t12_35M_UR50D,0.28229607387030364,1000.0,1172,256
frozen_ridge,CCR5_HUMAN_Gill_2023,fold_random_5,difference_at_position,2048,0,esm2_t12_35M_UR50D,0.33062402450218065,1000.0,1172,256
frozen_ridge,CCR5_HUMAN_Gill_2023,fold_random_5,difference_at_position,2048,1,esm2_t12_35M_UR50D,0.3520538578895953,1000.0,1172,256
frozen_ridge,CCR5_HUMAN_Gill_2023,fold_random_5,difference_at_position,2048,2,esm2_t12_35M_UR50D,0.34861384672533496,1000.0,1172,256
frozen_ridge,CCR5_HUMAN_Gill_2023,fold_modulo_5,mean,32,0,esm2_t12_35M_UR50D,0.23029632130751898,10000.0,1235,256
frozen_ridge,CCR5_HUMAN_Gill_2023,fold_modulo_5,mean,32,1,esm2_t12_35M_UR50D,-0.03374059757963,10000.0,1235,256
frozen_ridge,CCR5_HUMAN_Gill_2023,fold_modulo_5,mean,32,2,esm2_t12_35M_UR50D,-0.0059331348867284125,10000.0,1235,256
frozen_ridge,CCR5_HUMAN_Gill_2023,fold_modulo_5,mean,128,0,esm2_t12_35M_UR50D,0.23330364508563547,1000.0,1235,256
frozen_ridge,CCR5_HUMAN_Gill_2023,fold_modulo_5,mean,128,1,esm2_t12_35M_UR50D,0.27010465001654704,1000.0,1235,256
frozen_ridge,CCR5_HUMAN_Gill_2023,fold_modulo_5,mean,128,2,esm2_t12_35M_UR50D,0.28403370953773666,10000.0,1235,256
frozen_ridge,CCR5_HUMAN_Gill_2023,fold_modulo_5,mean,512,0,esm2_t12_35M_UR50D,0.30709710301214144,1000.0,1235,256
frozen_ridge,CCR5_HUMAN_Gill_2023,fold_modulo_5,mean,512,1,esm2_t12_35M_UR50D,0.2640561391860075,10000.0,1235,256
frozen_ridge,CCR5_HUMAN_Gill_2023,fold_modulo_5,mean,512,2,esm2_t12_35M_UR50D,0.2932243442503694,1000.0,1235,256
frozen_ridge,CCR5_HUMAN_Gill_2023,fold_modulo_5,mean,2048,0,esm2_t12_35M_UR50D,0.3175055319106402,1000.0,1235,256
frozen_ridge,CCR5_HUMAN_Gill_2023,fold_modulo_5,mean,2048,1,esm2_t12_35M_UR50D,0.3342574908043591,1000.0,1235,256
frozen_ridge,CCR5_HUMAN_Gill_2023,fold_modulo_5,mean,2048,2,esm2_t12_35M_UR50D,0.3497390369976537,1000.0,1235,256
frozen_ridge,CCR5_HUMAN_Gill_2023,fold_modulo_5,at_position,32,0,esm2_t12_35M_UR50D,0.29994818069928875,1000.0,1235,256
frozen_ridge,CCR5_HUMAN_Gill_2023,fold_modulo_5,at_position,32,1,esm2_t12_35M_UR50D,0.12560978745786827,100000000.0,1235,256
frozen_ridge,CCR5_HUMAN_Gill_2023,fold_modulo_5,at_position,32,2,esm2_t12_35M_UR50D,0.12097657134997196,10000.0,1235,256
frozen_ridge,CCR5_HUMAN_Gill_2023,fold_modulo_5,at_position,128,0,esm2_t12_35M_UR50D,0.2974011916792338,1000.0,1235,256
frozen_ridge,CCR5_HUMAN_Gill_2023,fold_modulo_5,at_position,128,1,esm2_t12_35M_UR50D,0.2810958769826726,1000.0,1235,256
frozen_ridge,CCR5_HUMAN_Gill_2023,fold_modulo_5,at_position,128,2,esm2_t12_35M_UR50D,0.31137181342440523,1000.0,1235,256
frozen_ridge,CCR5_HUMAN_Gill_2023,fold_modulo_5,at_position,512,0,esm2_t12_35M_UR50D,0.31393262360401397,1000.0,1235,256
frozen_ridge,CCR5_HUMAN_Gill_2023,fold_modulo_5,at_position,512,1,esm2_t12_35M_UR50D,0.3156894398271432,1000.0,1235,256
frozen_ridge,CCR5_HUMAN_Gill_2023,fold_modulo_5,at_position,512,2,esm2_t12_35M_UR50D,0.3093088898926897,1000.0,1235,256
frozen_ridge,CCR5_HUMAN_Gill_2023,fold_modulo_5,at_position,2048,0,esm2_t12_35M_UR50D,0.3806354476248287,1000.0,1235,256
frozen_ridge,CCR5_HUMAN_Gill_2023,fold_modulo_5,at_position,2048,1,esm2_t12_35M_UR50D,0.3598491722092268,1000.0,1235,256
frozen_ridge,CCR5_HUMAN_Gill_2023,fold_modulo_5,at_position,2048,2,esm2_t12_35M_UR50D,0.3739025297917454,1000.0,1235,256
frozen_ridge,CCR5_HUMAN_Gill_2023,fold_modulo_5,difference_at_position,32,0,esm2_t12_35M_UR50D,0.1330758896360886,10000.0,1235,256
frozen_ridge,CCR5_HUMAN_Gill_2023,fold_modulo_5,difference_at_position,32,1,esm2_t12_35M_UR50D,0.08409255240080293,100000.0,1235,256
frozen_ridge,CCR5_HUMAN_Gill_2023,fold_modulo_5,difference_at_position,32,2,esm2_t12_35M_UR50D,0.004099138046870077,10000.0,1235,256
frozen_ridge,CCR5_HUMAN_Gill_2023,fold_modulo_5,difference_at_position,128,0,esm2_t12_35M_UR50D,0.24584862648636946,1000.0,1235,256
frozen_ridge,CCR5_HUMAN_Gill_2023,fold_modulo_5,difference_at_position,128,1,esm2_t12_35M_UR50D,0.1867507911903519,100000.0,1235,256
frozen_ridge,CCR5_HUMAN_Gill_2023,fold_modulo_5,difference_at_position,128,2,esm2_t12_35M_UR50D,0.20900724746065635,10000.0,1235,256
frozen_ridge,CCR5_HUMAN_Gill_2023,fold_modulo_5,difference_at_position,512,0,esm2_t12_35M_UR50D,0.28399570533062996,1000.0,1235,256
frozen_ridge,CCR5_HUMAN_Gill_2023,fold_modulo_5,difference_at_position,512,1,esm2_t12_35M_UR50D,0.28475153386797775,1000.0,1235,256
frozen_ridge,CCR5_HUMAN_Gill_2023,fold_modulo_5,difference_at_position,512,2,esm2_t12_35M_UR50D,0.29989291835840415,1000.0,1235,256
frozen_ridge,CCR5_HUMAN_Gill_2023,fold_modulo_5,difference_at_position,2048,0,esm2_t12_35M_UR50D,0.3289328500659489,1000.0,1235,256
frozen_ridge,CCR5_HUMAN_Gill_2023,fold_modulo_5,difference_at_position,2048,1,esm2_t12_35M_UR50D,0.33027398352793397,1000.0,1235,256
frozen_ridge,CCR5_HUMAN_Gill_2023,fold_modulo_5,difference_at_position,2048,2,esm2_t12_35M_UR50D,0.3323164922609448,1000.0,1235,256
frozen_ridge,CCR5_HUMAN_Gill_2023,fold_contiguous_5,mean,32,0,esm2_t12_35M_UR50D,0.1278651526081176,100000000.0,1235,256
frozen_ridge,CCR5_HUMAN_Gill_2023,fold_contiguous_5,mean,32,1,esm2_t12_35M_UR50D,0.21651562889944537,1000.0,1235,256
frozen_ridge,CCR5_HUMAN_Gill_2023,fold_contiguous_5,mean,32,2,esm2_t12_35M_UR50D,0.18853440609209682,10000.0,1235,256
frozen_ridge,CCR5_HUMAN_Gill_2023,fold_contiguous_5,mean,128,0,esm2_t12_35M_UR50D,0.19125198643872057,1000.0,1235,256
frozen_ridge,CCR5_HUMAN_Gill_2023,fold_contiguous_5,mean,128,1,esm2_t12_35M_UR50D,0.12205213329813114,1000.0,1235,256
frozen_ridge,CCR5_HUMAN_Gill_2023,fold_contiguous_5,mean,128,2,esm2_t12_35M_UR50D,0.2040252982759671,1000.0,1235,256
frozen_ridge,CCR5_HUMAN_Gill_2023,fold_contiguous_5,mean,512,0,esm2_t12_35M_UR50D,0.3220397149902614,10000.0,1235,256
frozen_ridge,CCR5_HUMAN_Gill_2023,fold_contiguous_5,mean,512,1,esm2_t12_35M_UR50D,0.2847620310242376,1000.0,1235,256
frozen_ridge,CCR5_HUMAN_Gill_2023,fold_contiguous_5,mean,512,2,esm2_t12_35M_UR50D,0.31998345937351663,10000.0,1235,256
frozen_ridge,CCR5_HUMAN_Gill_2023,fold_contiguous_5,mean,2048,0,esm2_t12_35M_UR50D,0.35979003450506136,10000.0,1235,256
frozen_ridge,CCR5_HUMAN_Gill_2023,fold_contiguous_5,mean,2048,1,esm2_t12_35M_UR50D,0.3348207034641785,10000.0,1235,256
frozen_ridge,CCR5_HUMAN_Gill_2023,fold_contiguous_5,mean,2048,2,esm2_t12_35M_UR50D,0.3074158782137164,10000.0,1235,256
frozen_ridge,CCR5_HUMAN_Gill_2023,fold_contiguous_5,at_position,32,0,esm2_t12_35M_UR50D,0.05954589324189166,100.0,1235,256
frozen_ridge,CCR5_HUMAN_Gill_2023,fold_contiguous_5,at_position,32,1,esm2_t12_35M_UR50D,0.27012142668942113,100.0,1235,256
frozen_ridge,CCR5_HUMAN_Gill_2023,fold_contiguous_5,at_position,32,2,esm2_t12_35M_UR50D,0.34384293031543306,1000.0,1235,256
frozen_ridge,CCR5_HUMAN_Gill_2023,fold_contiguous_5,at_position,128,0,esm2_t12_35M_UR50D,0.2683614319122869,10000.0,1235,256
frozen_ridge,CCR5_HUMAN_Gill_2023,fold_contiguous_5,at_position,128,1,esm2_t12_35M_UR50D,0.22970135450418386,10000.0,1235,256
frozen_ridge,CCR5_HUMAN_Gill_2023,fold_contiguous_5,at_position,128,2,esm2_t12_35M_UR50D,0.0661766693919672,1000.0,1235,256
frozen_ridge,CCR5_HUMAN_Gill_2023,fold_contiguous_5,at_position,512,0,esm2_t12_35M_UR50D,0.2858515241460787,10000.0,1235,256
frozen_ridge,CCR5_HUMAN_Gill_2023,fold_contiguous_5,at_position,512,1,esm2_t12_35M_UR50D,0.26893860031816674,1000.0,1235,256
frozen_ridge,CCR5_HUMAN_Gill_2023,fold_contiguous_5,at_position,512,2,esm2_t12_35M_UR50D,0.26437016375829697,1000.0,1235,256
frozen_ridge,CCR5_HUMAN_Gill_2023,fold_contiguous_5,at_position,2048,0,esm2_t12_35M_UR50D,0.20990028884119796,1000.0,1235,256
frozen_ridge,CCR5_HUMAN_Gill_2023,fold_contiguous_5,at_position,2048,1,esm2_t12_35M_UR50D,0.28891810159651166,1000.0,1235,256
frozen_ridge,CCR5_HUMAN_Gill_2023,fold_contiguous_5,at_position,2048,2,esm2_t12_35M_UR50D,0.2525597983949037,1000.0,1235,256
frozen_ridge,CCR5_HUMAN_Gill_2023,fold_contiguous_5,difference_at_position,32,0,esm2_t12_35M_UR50D,0.17141281471578002,10000.0,1235,256
frozen_ridge,CCR5_HUMAN_Gill_2023,fold_contiguous_5,difference_at_position,32,1,esm2_t12_35M_UR50D,0.1624390972005657,1000.0,1235,256
frozen_ridge,CCR5_HUMAN_Gill_2023,fold_contiguous_5,difference_at_position,32,2,esm2_t12_35M_UR50D,0.1084864364754816,10000.0,1235,256
frozen_ridge,CCR5_HUMAN_Gill_2023,fold_contiguous_5,difference_at_position,128,0,esm2_t12_35M_UR50D,0.11076860818319209,1000.0,1235,256
frozen_ridge,CCR5_HUMAN_Gill_2023,fold_contiguous_5,difference_at_position,128,1,esm2_t12_35M_UR50D,0.14566468410667271,1000.0,1235,256
frozen_ridge,CCR5_HUMAN_Gill_2023,fold_contiguous_5,difference_at_position,128,2,esm2_t12_35M_UR50D,0.11923623785157425,1000.0,1235,256
frozen_ridge,CCR5_HUMAN_Gill_2023,fold_contiguous_5,difference_at_position,512,0,esm2_t12_35M_UR50D,0.2964512318207719,1000.0,1235,256
frozen_ridge,CCR5_HUMAN_Gill_2023,fold_contiguous_5,difference_at_position,512,1,esm2_t12_35M_UR50D,0.3058316911576452,1000.0,1235,256
frozen_ridge,CCR5_HUMAN_Gill_2023,fold_contiguous_5,difference_at_position,512,2,esm2_t12_35M_UR50D,0.31927183833947614,1000.0,1235,256
frozen_ridge,CCR5_HUMAN_Gill_2023,fold_contiguous_5,difference_at_position,2048,0,esm2_t12_35M_UR50D,0.34186109347982346,10000.0,1235,256
frozen_ridge,CCR5_HUMAN_Gill_2023,fold_contiguous_5,difference_at_position,2048,1,esm2_t12_35M_UR50D,0.304834222116059,1000.0,1235,256
frozen_ridge,CCR5_HUMAN_Gill_2023,fold_contiguous_5,difference_at_position,2048,2,esm2_t12_35M_UR50D,0.29920687793862666,10000.0,1235,256
frozen_ridge,R1AB_SARS2_Flynn_2022,fold_random_5,mean,32,0,esm2_t12_35M_UR50D,-0.028838002478759533,100000.0,1147,256
frozen_ridge,R1AB_SARS2_Flynn_2022,fold_random_5,mean,32,1,esm2_t12_35M_UR50D,0.022263337501256766,100000000.0,1147,256
frozen_ridge,R1AB_SARS2_Flynn_2022,fold_random_5,mean,32,2,esm2_t12_35M_UR50D,0.01729895184746105,100000000.0,1147,256
frozen_ridge,R1AB_SARS2_Flynn_2022,fold_random_5,mean,128,0,esm2_t12_35M_UR50D,-0.08600086691712751,1000000.0,1147,256
frozen_ridge,R1AB_SARS2_Flynn_2022,fold_random_5,mean,128,1,esm2_t12_35M_UR50D,0.10437407840974947,1000.0,1147,256
frozen_ridge,R1AB_SARS2_Flynn_2022,fold_random_5,mean,128,2,esm2_t12_35M_UR50D,0.10483564407588448,1000.0,1147,256
frozen_ridge,R1AB_SARS2_Flynn_2022,fold_random_5,mean,512,0,esm2_t12_35M_UR50D,0.4079583477077308,10.0,1147,256
frozen_ridge,R1AB_SARS2_Flynn_2022,fold_random_5,mean,512,1,esm2_t12_35M_UR50D,0.24974037068661387,1000.0,1147,256
frozen_ridge,R1AB_SARS2_Flynn_2022,fold_random_5,mean,512,2,esm2_t12_35M_UR50D,0.321730515287141,100.0,1147,256
frozen_ridge,R1AB_SARS2_Flynn_2022,fold_random_5,mean,2048,0,esm2_t12_35M_UR50D,0.5715553306723222,1.0,1147,256
frozen_ridge,R1AB_SARS2_Flynn_2022,fold_random_5,mean,2048,1,esm2_t12_35M_UR50D,0.5640769885706263,10.0,1147,256
frozen_ridge,R1AB_SARS2_Flynn_2022,fold_random_5,mean,2048,2,esm2_t12_35M_UR50D,0.5641809247886831,1.0,1147,256
frozen_ridge,R1AB_SARS2_Flynn_2022,fold_random_5,at_position,32,0,esm2_t12_35M_UR50D,0.1882521651939112,10000.0,1147,256
frozen_ridge,R1AB_SARS2_Flynn_2022,fold_random_5,at_position,32,1,esm2_t12_35M_UR50D,0.10275043483977345,10000.0,1147,256
frozen_ridge,R1AB_SARS2_Flynn_2022,fold_random_5,at_position,32,2,esm2_t12_35M_UR50D,0.09403896127463753,0.01,1147,256
frozen_ridge,R1AB_SARS2_Flynn_2022,fold_random_5,at_position,128,0,esm2_t12_35M_UR50D,0.2719819892450587,1000.0,1147,256
frozen_ridge,R1AB_SARS2_Flynn_2022,fold_random_5,at_position,128,1,esm2_t12_35M_UR50D,0.3334741628001254,1000.0,1147,256
frozen_ridge,R1AB_SARS2_Flynn_2022,fold_random_5,at_position,128,2,esm2_t12_35M_UR50D,0.3088629967803311,1000.0,1147,256
frozen_ridge,R1AB_SARS2_Flynn_2022,fold_random_5,at_position,512,0,esm2_t12_35M_UR50D,0.5535276214833474,100.0,1147,256
frozen_ridge,R1AB_SARS2_Flynn_2022,fold_random_5,at_position,512,1,esm2_t12_35M_UR50D,0.5035406147034456,1000.0,1147,256
frozen_ridge,R1AB_SARS2_Flynn_2022,fold_random_5,at_position,512,2,esm2_t12_35M_UR50D,0.5500266170555056,100.0,1147,256
frozen_ridge,R1AB_SARS2_Flynn_2022,fold_random_5,at_position,2048,0,esm2_t12_35M_UR50D,0.688006813317304,100.0,1147,256
frozen_ridge,R1AB_SARS2_Flynn_2022,fold_random_5,at_position,2048,1,esm2_t12_35M_UR50D,0.689772814512785,100.0,1147,256
frozen_ridge,R1AB_SARS2_Flynn_2022,fold_random_5,at_position,2048,2,esm2_t12_35M_UR50D,0.6800698450591504,100.0,1147,256
frozen_ridge,R1AB_SARS2_Flynn_2022,fold_random_5,difference_at_position,32,0,esm2_t12_35M_UR50D,0.20082965595012423,10000.0,1147,256
frozen_ridge,R1AB_SARS2_Flynn_2022,fold_random_5,difference_at_position,32,1,esm2_t12_35M_UR50D,0.0664449768898177,10000.0,1147,256
frozen_ridge,R1AB_SARS2_Flynn_2022,fold_random_5,difference_at_position,32,2,esm2_t12_35M_UR50D,0.07694105196745109,1000.0,1147,256
frozen_ridge,R1AB_SARS2_Flynn_2022,fold_random_5,difference_at_position,128,0,esm2_t12_35M_UR50D,0.15317056628644546,10000.0,1147,256
frozen_ridge,R1AB_SARS2_Flynn_2022,fold_random_5,difference_at_position,128,1,esm2_t12_35M_UR50D,0.2085552183385031,10000.0,1147,256
frozen_ridge,R1AB_SARS2_Flynn_2022,fold_random_5,difference_at_position,128,2,esm2_t12_35M_UR50D,0.28676250672782244,100.0,1147,256
frozen_ridge,R1AB_SARS2_Flynn_2022,fold_random_5,difference_at_position,512,0,esm2_t12_35M_UR50D,0.41141832635523967,100.0,1147,256
frozen_ridge,R1AB_SARS2_Flynn_2022,fold_random_5,difference_at_position,512,1,esm2_t12_35M_UR50D,0.4271114785839144,100.0,1147,256
frozen_ridge,R1AB_SARS2_Flynn_2022,fold_random_5,difference_at_position,512,2,esm2_t12_35M_UR50D,0.43504038856463667,100.0,1147,256
frozen_ridge,R1AB_SARS2_Flynn_2022,fold_random_5,difference_at_position,2048,0,esm2_t12_35M_UR50D,0.6001555480652205,100.0,1147,256
frozen_ridge,R1AB_SARS2_Flynn_2022,fold_random_5,difference_at_position,2048,1,esm2_t12_35M_UR50D,0.5968343684039368,100.0,1147,256
frozen_ridge,R1AB_SARS2_Flynn_2022,fold_random_5,difference_at_position,2048,2,esm2_t12_35M_UR50D,0.5747021805882166,100.0,1147,256
frozen_ridge,R1AB_SARS2_Flynn_2022,fold_modulo_5,mean,32,0,esm2_t12_35M_UR50D,0.03446586842163142,1000.0,1150,256
frozen_ridge,R1AB_SARS2_Flynn_2022,fold_modulo_5,mean,32,1,esm2_t12_35M_UR50D,-0.1334839194315905,100000000.0,1150,256
frozen_ridge,R1AB_SARS2_Flynn_2022,fold_modulo_5,mean,32,2,esm2_t12_35M_UR50D,-0.15493135112080078,100000.0,1150,256
frozen_ridge,R1AB_SARS2_Flynn_2022,fold_modulo_5,mean,128,0,esm2_t12_35M_UR50D,0.09360999270255058,10000.0,1150,256
frozen_ridge,R1AB_SARS2_Flynn_2022,fold_modulo_5,mean,128,1,esm2_t12_35M_UR50D,0.1372746124945365,10000.0,1150,256
frozen_ridge,R1AB_SARS2_Flynn_2022,fold_modulo_5,mean,128,2,esm2_t12_35M_UR50D,0.03276296590824341,100000.0,1150,256
frozen_ridge,R1AB_SARS2_Flynn_2022,fold_modulo_5,mean,512,0,esm2_t12_35M_UR50D,0.07132800278864945,100000.0,1150,256
frozen_ridge,R1AB_SARS2_Flynn_2022,fold_modulo_5,mean,512,1,esm2_t12_35M_UR50D,0.14655084114964564,10000.0,1150,256
frozen_ridge,R1AB_SARS2_Flynn_2022,fold_modulo_5,mean,512,2,esm2_t12_35M_UR50D,0.20672447882511755,100.0,1150,256
frozen_ridge,R1AB_SARS2_Flynn_2022,fold_modulo_5,mean,2048,0,esm2_t12_35M_UR50D,0.3016424813931807,100.0,1150,256
frozen_ridge,R1AB_SARS2_Flynn_2022,fold_modulo_5,mean,2048,1,esm2_t12_35M_UR50D,0.12142619323752592,100000.0,1150,256
frozen_ridge,R1AB_SARS2_Flynn_2022,fold_modulo_5,mean,2048,2,esm2_t12_35M_UR50D,0.27024741203880914,100.0,1150,256
frozen_ridge,R1AB_SARS2_Flynn_2022,fold_modulo_5,at_position,32,0,esm2_t12_35M_UR50D,0.027981433174092643,1000.0,1150,256
frozen_ridge,R1AB_SARS2_Flynn_2022,fold_modulo_5,at_position,32,1,esm2_t12_35M_UR50D,0.16002084196529517,10000.0,1150,256
frozen_ridge,R1AB_SARS2_Flynn_2022,fold_modulo_5,at_position,32,2,esm2_t12_35M_UR50D,0.2261687423976683,1000.0,1150,256
frozen_ridge,R1AB_SARS2_Flynn_2022,fold_modulo_5,at_position,128,0,esm2_t12_35M_UR50D,0.2158248513822988,10000.0,1150,256
frozen_ridge,R1AB_SARS2_Flynn_2022,fold_modulo_5,at_position,128,1,esm2_t12_35M_UR50D,0.11578559918036596,10000.0,1150,256
frozen_ridge,R1AB_SARS2_Flynn_2022,fold_modulo_5,at_position,128,2,esm2_t12_35M_UR50D,0.2180036233774419,10000.0,1150,256
frozen_ridge,R1AB_SARS2_Flynn_2022,fold_modulo_5,at_position,512,0,esm2_t12_35M_UR50D,0.2643328228702203,10000.0,1150,256
frozen_ridge,R1AB_SARS2_Flynn_2022,fold_modulo_5,at_position,512,1,esm2_t12_35M_UR50D,0.29656383532401454,10000.0,1150,256
frozen_ridge,R1AB_SARS2_Flynn_2022,fold_modulo_5,at_position,512,2,esm2_t12_35M_UR50D,0.28635063322313026,10000.0,1150,256
frozen_ridge,R1AB_SARS2_Flynn_2022,fold_modulo_5,at_position,2048,0,esm2_t12_35M_UR50D,0.31842560117658675,10000.0,1150,256
frozen_ridge,R1AB_SARS2_Flynn_2022,fold_modulo_5,at_position,2048,1,esm2_t12_35M_UR50D,0.3468102748955806,10000.0,1150,256
frozen_ridge,R1AB_SARS2_Flynn_2022,fold_modulo_5,at_position,2048,2,esm2_t12_35M_UR50D,0.3299106641882232,10000.0,1150,256
frozen_ridge,R1AB_SARS2_Flynn_2022,fold_modulo_5,difference_at_position,32,0,esm2_t12_35M_UR50D,0.023169996643705854,10000.0,1150,256
frozen_ridge,R1AB_SARS2_Flynn_2022,fold_modulo_5,difference_at_position,32,1,esm2_t12_35M_UR50D,0.1671347574290925,10000.0,1150,256
frozen_ridge,R1AB_SARS2_Flynn_2022,fold_modulo_5,difference_at_position,32,2,esm2_t12_35M_UR50D,-0.04772329414431172,100000000.0,1150,256
frozen_ridge,R1AB_SARS2_Flynn_2022,fold_modulo_5,difference_at_position,128,0,esm2_t12_35M_UR50D,0.09651757902208655,10000.0,1150,256
frozen_ridge,R1AB_SARS2_Flynn_2022,fold_modulo_5,difference_at_position,128,1,esm2_t12_35M_UR50D,0.12989541008360656,100000000.0,1150,256
frozen_ridge,R1AB_SARS2_Flynn_2022,fold_modulo_5,difference_at_position,128,2,esm2_t12_35M_UR50D,0.10838776010142966,100000000.0,1150,256
frozen_ridge,R1AB_SARS2_Flynn_2022,fold_modulo_5,difference_at_position,512,0,esm2_t12_35M_UR50D,0.17668037742628057,100000000.0,1150,256
frozen_ridge,R1AB_SARS2_Flynn_2022,fold_modulo_5,difference_at_position,512,1,esm2_t12_35M_UR50D,0.11458305549141591,1000000.0,1150,256
frozen_ridge,R1AB_SARS2_Flynn_2022,fold_modulo_5,difference_at_position,512,2,esm2_t12_35M_UR50D,0.14848920733660298,100000.0,1150,256
frozen_ridge,R1AB_SARS2_Flynn_2022,fold_modulo_5,difference_at_position,2048,0,esm2_t12_35M_UR50D,0.16572433341157522,1000000.0,1150,256
frozen_ridge,R1AB_SARS2_Flynn_2022,fold_modulo_5,difference_at_position,2048,1,esm2_t12_35M_UR50D,0.1525191862559804,1000000.0,1150,256
frozen_ridge,R1AB_SARS2_Flynn_2022,fold_modulo_5,difference_at_position,2048,2,esm2_t12_35M_UR50D,0.1577644272686871,1000000.0,1150,256
frozen_ridge,R1AB_SARS2_Flynn_2022,fold_contiguous_5,mean,32,0,esm2_t12_35M_UR50D,0.024568630145577367,100000000.0,1138,256
frozen_ridge,R1AB_SARS2_Flynn_2022,fold_contiguous_5,mean,32,1,esm2_t12_35M_UR50D,0.0037100776615175465,100000000.0,1138,256
frozen_ridge,R1AB_SARS2_Flynn_2022,fold_contiguous_5,mean,32,2,esm2_t12_35M_UR50D,0.02290706957957891,100000000.0,1138,256
frozen_ridge,R1AB_SARS2_Flynn_2022,fold_contiguous_5,mean,128,0,esm2_t12_35M_UR50D,0.019191720886389096,1000000.0,1138,256
frozen_ridge,R1AB_SARS2_Flynn_2022,fold_contiguous_5,mean,128,1,esm2_t12_35M_UR50D,0.023991538305413784,100000000.0,1138,256
frozen_ridge,R1AB_SARS2_Flynn_2022,fold_contiguous_5,mean,128,2,esm2_t12_35M_UR50D,0.0629689718055573,100000000.0,1138,256
frozen_ridge,R1AB_SARS2_Flynn_2022,fold_contiguous_5,mean,512,0,esm2_t12_35M_UR50D,0.010616092223315091,100000000.0,1138,256
frozen_ridge,R1AB_SARS2_Flynn_2022,fold_contiguous_5,mean,512,1,esm2_t12_35M_UR50D,0.018414192250542364,100000000.0,1138,256
frozen_ridge,R1AB_SARS2_Flynn_2022,fold_contiguous_5,mean,512,2,esm2_t12_35M_UR50D,0.07494073247124418,1000.0,1138,256
frozen_ridge,R1AB_SARS2_Flynn_2022,fold_contiguous_5,mean,2048,0,esm2_t12_35M_UR50D,0.052887508398982166,10000.0,1138,256
frozen_ridge,R1AB_SARS2_Flynn_2022,fold_contiguous_5,mean,2048,1,esm2_t12_35M_UR50D,0.060336330419151186,10000.0,1138,256
frozen_ridge,R1AB_SARS2_Flynn_2022,fold_contiguous_5,mean,2048,2,esm2_t12_35M_UR50D,0.025764839231162896,1000.0,1138,256
frozen_ridge,R1AB_SARS2_Flynn_2022,fold_contiguous_5,at_position,32,0,esm2_t12_35M_UR50D,0.09273519931522446,100000000.0,1138,256
frozen_ridge,R1AB_SARS2_Flynn_2022,fold_contiguous_5,at_position,32,1,esm2_t12_35M_UR50D,0.1168179953848911,1000.0,1138,256
frozen_ridge,R1AB_SARS2_Flynn_2022,fold_contiguous_5,at_position,32,2,esm2_t12_35M_UR50D,0.025260471856641795,10000.0,1138,256
frozen_ridge,R1AB_SARS2_Flynn_2022,fold_contiguous_5,at_position,128,0,esm2_t12_35M_UR50D,0.234547628501954,100000000.0,1138,256
frozen_ridge,R1AB_SARS2_Flynn_2022,fold_contiguous_5,at_position,128,1,esm2_t12_35M_UR50D,0.245501612790693,100000000.0,1138,256
frozen_ridge,R1AB_SARS2_Flynn_2022,fold_contiguous_5,at_position,128,2,esm2_t12_35M_UR50D,0.22222562766202159,100000000.0,1138,256
frozen_ridge,R1AB_SARS2_Flynn_2022,fold_contiguous_5,at_position,512,0,esm2_t12_35M_UR50D,0.19283790602194298,100000000.0,1138,256
frozen_ridge,R1AB_SARS2_Flynn_2022,fold_contiguous_5,at_position,512,1,esm2_t12_35M_UR50D,0.281375033977912,1000000.0,1138,256
frozen_ridge,R1AB_SARS2_Flynn_2022,fold_contiguous_5,at_position,512,2,esm2_t12_35M_UR50D,0.2906556920285665,100000000.0,1138,256
frozen_ridge,R1AB_SARS2_Flynn_2022,fold_contiguous_5,at_position,2048,0,esm2_t12_35M_UR50D,0.30578842601411216,1000000.0,1138,256
frozen_ridge,R1AB_SARS2_Flynn_2022,fold_contiguous_5,at_position,2048,1,esm2_t12_35M_UR50D,0.2968152354097828,10000000.0,1138,256
frozen_ridge,R1AB_SARS2_Flynn_2022,fold_contiguous_5,at_position,2048,2,esm2_t12_35M_UR50D,0.29658200630629017,100000000.0,1138,256
frozen_ridge,R1AB_SARS2_Flynn_2022,fold_contiguous_5,difference_at_position,32,0,esm2_t12_35M_UR50D,0.2335795590841182,10000.0,1138,256
frozen_ridge,R1AB_SARS2_Flynn_2022,fold_contiguous_5,difference_at_position,32,1,esm2_t12_35M_UR50D,0.04067449337681165,1000.0,1138,256
frozen_ridge,R1AB_SARS2_Flynn_2022,fold_contiguous_5,difference_at_position,32,2,esm2_t12_35M_UR50D,-0.03061078237372029,1000.0,1138,256
frozen_ridge,R1AB_SARS2_Flynn_2022,fold_contiguous_5,difference_at_position,128,0,esm2_t12_35M_UR50D,0.08636048614447282,1000.0,1138,256
frozen_ridge,R1AB_SARS2_Flynn_2022,fold_contiguous_5,difference_at_position,128,1,esm2_t12_35M_UR50D,0.1765325322394942,10000.0,1138,256
frozen_ridge,R1AB_SARS2_Flynn_2022,fold_contiguous_5,difference_at_position,128,2,esm2_t12_35M_UR50D,0.14872397984730387,1000.0,1138,256
frozen_ridge,R1AB_SARS2_Flynn_2022,fold_contiguous_5,difference_at_position,512,0,esm2_t12_35M_UR50D,0.02659107747943261,1000.0,1138,256
frozen_ridge,R1AB_SARS2_Flynn_2022,fold_contiguous_5,difference_at_position,512,1,esm2_t12_35M_UR50D,0.04956552141247274,1000.0,1138,256
frozen_ridge,R1AB_SARS2_Flynn_2022,fold_contiguous_5,difference_at_position,512,2,esm2_t12_35M_UR50D,0.14947385825313003,1000.0,1138,256
frozen_ridge,R1AB_SARS2_Flynn_2022,fold_contiguous_5,difference_at_position,2048,0,esm2_t12_35M_UR50D,0.18999371439942705,10000.0,1138,256
frozen_ridge,R1AB_SARS2_Flynn_2022,fold_contiguous_5,difference_at_position,2048,1,esm2_t12_35M_UR50D,0.16389288127633497,10000.0,1138,256
frozen_ridge,R1AB_SARS2_Flynn_2022,fold_contiguous_5,difference_at_position,2048,2,esm2_t12_35M_UR50D,0.041745151517432647,1000.0,1138,256
