rung,assay,scheme,readout,n,seed,checkpoint,spearman,n_test,best_epoch,epochs_run,trainable_encoder_parameters,train_positions,n_train_pool,n_val
lora,A4GRB6_PSEAI_Chen_2020,fold_random_5,mean,32,0,esm2_t12_35M_UR50D,0.0667017828370666,972,21,32,184320,31,3057,256
lora,A4GRB6_PSEAI_Chen_2020,fold_random_5,mean,32,1,esm2_t12_35M_UR50D,-0.041421858582631,972,23,34,184320,30,3057,256
lora,A4GRB6_PSEAI_Chen_2020,fold_random_5,mean,32,2,esm2_t12_35M_UR50D,0.0469444157855081,972,20,31,184320,30,3057,256
lora,A4GRB6_PSEAI_Chen_2020,fold_random_5,mean,128,0,esm2_t12_35M_UR50D,0.3757285280598041,972,53,64,184320,105,3057,256
lora,A4GRB6_PSEAI_Chen_2020,fold_random_5,mean,128,1,esm2_t12_35M_UR50D,0.2426789805792885,972,37,48,184320,93,3057,256
lora,A4GRB6_PSEAI_Chen_2020,fold_random_5,mean,128,2,esm2_t12_35M_UR50D,0.0440360264202163,972,5,16,184320,99,3057,256
lora,A4GRB6_PSEAI_Chen_2020,fold_random_5,mean,512,0,esm2_t12_35M_UR50D,0.6074691421400665,972,76,87,184320,232,3057,256
lora,A4GRB6_PSEAI_Chen_2020,fold_random_5,mean,512,1,esm2_t12_35M_UR50D,0.6273664931850639,972,99,110,184320,223,3057,256
lora,A4GRB6_PSEAI_Chen_2020,fold_random_5,mean,512,2,esm2_t12_35M_UR50D,0.6654255821471997,972,99,110,184320,240,3057,256
lora,A4GRB6_PSEAI_Chen_2020,fold_random_5,mean,2048,0,esm2_t12_35M_UR50D,0.7458873794822544,972,56,67,184320,266,3057,256
lora,A4GRB6_PSEAI_Chen_2020,fold_random_5,mean,2048,1,esm2_t12_35M_UR50D,0.7720266367782957,972,70,81,184320,266,3057,256
lora,A4GRB6_PSEAI_Chen_2020,fold_random_5,mean,2048,2,esm2_t12_35M_UR50D,0.8015540520683676,972,76,87,184320,266,3057,256
lora,A4GRB6_PSEAI_Chen_2020,fold_random_5,at_position,32,0,esm2_t12_35M_UR50D,0.5523133583107848,972,42,53,184320,31,3057,256
lora,A4GRB6_PSEAI_Chen_2020,fold_random_5,at_position,32,1,esm2_t12_35M_UR50D,0.350810101105848,972,32,43,184320,30,3057,256
lora,A4GRB6_PSEAI_Chen_2020,fold_random_5,at_position,32,2,esm2_t12_35M_UR50D,0.4464691565532004,972,30,41,184320,30,3057,256
lora,A4GRB6_PSEAI_Chen_2020,fold_random_5,at_position,128,0,esm2_t12_35M_UR50D,0.6119935333507832,972,12,23,184320,105,3057,256
lora,A4GRB6_PSEAI_Chen_2020,fold_random_5,at_position,128,1,esm2_t12_35M_UR50D,0.5850123556362272,972,12,23,184320,93,3057,256
lora,A4GRB6_PSEAI_Chen_2020,fold_random_5,at_position,128,2,esm2_t12_35M_UR50D,0.6256708918579422,972,13,24,184320,99,3057,256
lora,A4GRB6_PSEAI_Chen_2020,fold_random_5,at_position,512,0,esm2_t12_35M_UR50D,0.7686356693338543,972,12,23,184320,232,3057,256
lora,A4GRB6_PSEAI_Chen_2020,fold_random_5,at_position,512,1,esm2_t12_35M_UR50D,0.7624567601080726,972,22,33,184320,223,3057,256
lora,A4GRB6_PSEAI_Chen_2020,fold_random_5,at_position,512,2,esm2_t12_35M_UR50D,0.7396362216456707,972,15,26,184320,240,3057,256
lora,A4GRB6_PSEAI_Chen_2020,fold_random_5,at_position,2048,0,esm2_t12_35M_UR50D,0.8467680010602213,972,26,37,184320,266,3057,256
lora,A4GRB6_PSEAI_Chen_2020,fold_random_5,at_position,2048,1,esm2_t12_35M_UR50D,0.8455766634138457,972,11,22,184320,266,3057,256
lora,A4GRB6_PSEAI_Chen_2020,fold_random_5,at_position,2048,2,esm2_t12_35M_UR50D,0.8442898436551299,972,17,28,184320,266,3057,256
lora,A4GRB6_PSEAI_Chen_2020,fold_random_5,difference_at_position,32,0,esm2_t12_35M_UR50D,0.1689357552259403,972,47,58,184320,31,3057,256
lora,A4GRB6_PSEAI_Chen_2020,fold_random_5,difference_at_position,32,1,esm2_t12_35M_UR50D,0.0956917365425985,972,55,66,184320,30,3057,256
lora,A4GRB6_PSEAI_Chen_2020,fold_random_5,difference_at_position,32,2,esm2_t12_35M_UR50D,0.2217320188607422,972,39,50,184320,30,3057,256
lora,A4GRB6_PSEAI_Chen_2020,fold_random_5,difference_at_position,128,0,esm2_t12_35M_UR50D,0.4458792111685245,972,29,40,184320,105,3057,256
lora,A4GRB6_PSEAI_Chen_2020,fold_random_5,difference_at_position,128,1,esm2_t12_35M_UR50D,0.4150623757447053,972,12,23,184320,93,3057,256
lora,A4GRB6_PSEAI_Chen_2020,fold_random_5,difference_at_position,128,2,esm2_t12_35M_UR50D,0.3836767246167429,972,16,27,184320,99,3057,256
lora,A4GRB6_PSEAI_Chen_2020,fold_random_5,difference_at_position,512,0,esm2_t12_35M_UR50D,0.6635543182997289,972,7,18,184320,232,3057,256
lora,A4GRB6_PSEAI_Chen_2020,fold_random_5,difference_at_position,512,1,esm2_t12_35M_UR50D,0.6611922107974287,972,25,36,184320,223,3057,256
lora,A4GRB6_PSEAI_Chen_2020,fold_random_5,difference_at_position,512,2,esm2_t12_35M_UR50D,0.6000351534116077,972,5,16,184320,240,3057,256
lora,A4GRB6_PSEAI_Chen_2020,fold_random_5,difference_at_position,2048,0,esm2_t12_35M_UR50D,0.8325455307700613,972,13,24,184320,266,3057,256
lora,A4GRB6_PSEAI_Chen_2020,fold_random_5,difference_at_position,2048,1,esm2_t12_35M_UR50D,0.8299083846061299,972,13,24,184320,266,3057,256
lora,A4GRB6_PSEAI_Chen_2020,fold_random_5,difference_at_position,2048,2,esm2_t12_35M_UR50D,0.8182388423036275,972,10,21,184320,266,3057,256
lora,A4GRB6_PSEAI_Chen_2020,fold_modulo_5,mean,32,0,esm2_t12_35M_UR50D,-0.0220189484623728,1022,13,24,184320,30,2994,256
lora,A4GRB6_PSEAI_Chen_2020,fold_modulo_5,mean,32,1,esm2_t12_35M_UR50D,-0.0500775600270238,1022,15,26,184320,30,2994,256
lora,A4GRB6_PSEAI_Chen_2020,fold_modulo_5,mean,32,2,esm2_t12_35M_UR50D,-0.0597475232880035,1022,15,26,184320,29,2994,256
lora,A4GRB6_PSEAI_Chen_2020,fold_modulo_5,mean,128,0,esm2_t12_35M_UR50D,-0.0218840827213192,1022,3,14,184320,95,2994,256
lora,A4GRB6_PSEAI_Chen_2020,fold_modulo_5,mean,128,1,esm2_t12_35M_UR50D,-0.0338810350950684,1022,7,18,184320,90,2994,256
lora,A4GRB6_PSEAI_Chen_2020,fold_modulo_5,mean,128,2,esm2_t12_35M_UR50D,-0.0724438731739429,1022,3,14,184320,85,2994,256
lora,A4GRB6_PSEAI_Chen_2020,fold_modulo_5,mean,512,0,esm2_t12_35M_UR50D,-0.0277446043755046,1022,0,11,184320,156,2994,256
lora,A4GRB6_PSEAI_Chen_2020,fold_modulo_5,mean,512,1,esm2_t12_35M_UR50D,-0.0520497846145927,1022,0,11,184320,152,2994,256
lora,A4GRB6_PSEAI_Chen_2020,fold_modulo_5,mean,512,2,esm2_t12_35M_UR50D,-0.0586769055960277,1022,0,11,184320,158,2994,256
lora,A4GRB6_PSEAI_Chen_2020,fold_modulo_5,mean,2048,0,esm2_t12_35M_UR50D,0.3550287717790054,1022,18,29,184320,159,2994,256
lora,A4GRB6_PSEAI_Chen_2020,fold_modulo_5,mean,2048,1,esm2_t12_35M_UR50D,0.3624197110013958,1022,19,30,184320,159,2994,256
lora,A4GRB6_PSEAI_Chen_2020,fold_modulo_5,mean,2048,2,esm2_t12_35M_UR50D,0.3865040090911896,1022,17,28,184320,159,2994,256
lora,A4GRB6_PSEAI_Chen_2020,fold_modulo_5,at_position,32,0,esm2_t12_35M_UR50D,0.3852080749177208,1022,46,57,184320,30,2994,256
lora,A4GRB6_PSEAI_Chen_2020,fold_modulo_5,at_position,32,1,esm2_t12_35M_UR50D,0.3239742184418346,1022,42,53,184320,30,2994,256
lora,A4GRB6_PSEAI_Chen_2020,fold_modulo_5,at_position,32,2,esm2_t12_35M_UR50D,0.2254331960407165,1022,74,85,184320,29,2994,256
lora,A4GRB6_PSEAI_Chen_2020,fold_modulo_5,at_position,128,0,esm2_t12_35M_UR50D,0.430366097300813,1022,16,27,184320,95,2994,256
lora,A4GRB6_PSEAI_Chen_2020,fold_modulo_5,at_position,128,1,esm2_t12_35M_UR50D,0.5484362901116598,1022,12,23,184320,90,2994,256
lora,A4GRB6_PSEAI_Chen_2020,fold_modulo_5,at_position,128,2,esm2_t12_35M_UR50D,0.5259105979328198,1022,17,28,184320,85,2994,256
lora,A4GRB6_PSEAI_Chen_2020,fold_modulo_5,at_position,512,0,esm2_t12_35M_UR50D,0.5026402719604649,1022,10,21,184320,156,2994,256
lora,A4GRB6_PSEAI_Chen_2020,fold_modulo_5,at_position,512,1,esm2_t12_35M_UR50D,0.6050981115081322,1022,9,20,184320,152,2994,256
lora,A4GRB6_PSEAI_Chen_2020,fold_modulo_5,at_position,512,2,esm2_t12_35M_UR50D,0.5076667720887234,1022,16,27,184320,158,2994,256
lora,A4GRB6_PSEAI_Chen_2020,fold_modulo_5,at_position,2048,0,esm2_t12_35M_UR50D,0.573683961169392,1022,3,14,184320,159,2994,256
lora,A4GRB6_PSEAI_Chen_2020,fold_modulo_5,at_position,2048,1,esm2_t12_35M_UR50D,0.5751437532237811,1022,3,14,184320,159,2994,256
lora,A4GRB6_PSEAI_Chen_2020,fold_modulo_5,at_position,2048,2,esm2_t12_35M_UR50D,0.5628789750986328,1022,3,14,184320,159,2994,256
lora,A4GRB6_PSEAI_Chen_2020,fold_modulo_5,difference_at_position,32,0,esm2_t12_35M_UR50D,0.3490075904611489,1022,39,50,184320,30,2994,256
lora,A4GRB6_PSEAI_Chen_2020,fold_modulo_5,difference_at_position,32,1,esm2_t12_35M_UR50D,0.2055044196970505,1022,34,45,184320,30,2994,256
lora,A4GRB6_PSEAI_Chen_2020,fold_modulo_5,difference_at_position,32,2,esm2_t12_35M_UR50D,0.2525531929519685,1022,39,50,184320,29,2994,256
lora,A4GRB6_PSEAI_Chen_2020,fold_modulo_5,difference_at_position,128,0,esm2_t12_35M_UR50D,0.1987154805694158,1022,10,21,184320,95,2994,256
lora,A4GRB6_PSEAI_Chen_2020,fold_modulo_5,difference_at_position,128,1,esm2_t12_35M_UR50D,0.2689599129439806,1022,22,33,184320,90,2994,256
lora,A4GRB6_PSEAI_Chen_2020,fold_modulo_5,difference_at_position,128,2,esm2_t12_35M_UR50D,0.12776810957699,1022,34,45,184320,85,2994,256
lora,A4GRB6_PSEAI_Chen_2020,fold_modulo_5,difference_at_position,512,0,esm2_t12_35M_UR50D,0.3332726922775583,1022,5,16,184320,156,2994,256
lora,A4GRB6_PSEAI_Chen_2020,fold_modulo_5,difference_at_position,512,1,esm2_t12_35M_UR50D,0.2591682579135637,1022,11,22,184320,152,2994,256
lora,A4GRB6_PSEAI_Chen_2020,fold_modulo_5,difference_at_position,512,2,esm2_t12_35M_UR50D,0.2600939267862731,1022,7,18,184320,158,2994,256
lora,A4GRB6_PSEAI_Chen_2020,fold_modulo_5,difference_at_position,2048,0,esm2_t12_35M_UR50D,0.4211387941733842,1022,1,12,184320,159,2994,256
lora,A4GRB6_PSEAI_Chen_2020,fold_modulo_5,difference_at_position,2048,1,esm2_t12_35M_UR50D,0.3538511556761105,1022,7,18,184320,159,2994,256
lora,A4GRB6_PSEAI_Chen_2020,fold_modulo_5,difference_at_position,2048,2,esm2_t12_35M_UR50D,0.2360302345894352,1022,23,34,184320,159,2994,256
lora,A4GRB6_PSEAI_Chen_2020,fold_contiguous_5,mean,32,0,esm2_t12_35M_UR50D,0.0381721615611025,1020,22,33,184320,30,2984,256
lora,A4GRB6_PSEAI_Chen_2020,fold_contiguous_5,mean,32,1,esm2_t12_35M_UR50D,-4.529936511175773e-05,1020,21,32,184320,31,2984,256
lora,A4GRB6_PSEAI_Chen_2020,fold_contiguous_5,mean,32,2,esm2_t12_35M_UR50D,0.0436561474491105,1020,18,29,184320,28,2984,256
lora,A4GRB6_PSEAI_Chen_2020,fold_contiguous_5,mean,128,0,esm2_t12_35M_UR50D,0.097116640083539,1020,5,16,184320,101,2984,256
lora,A4GRB6_PSEAI_Chen_2020,fold_contiguous_5,mean,128,1,esm2_t12_35M_UR50D,0.0430197245177257,1020,5,16,184320,92,2984,256
lora,A4GRB6_PSEAI_Chen_2020,fold_contiguous_5,mean,128,2,esm2_t12_35M_UR50D,0.010927505102193,1020,5,16,184320,85,2984,256
lora,A4GRB6_PSEAI_Chen_2020,fold_contiguous_5,mean,512,0,esm2_t12_35M_UR50D,0.0518404239206323,1020,19,30,184320,155,2984,256
lora,A4GRB6_PSEAI_Chen_2020,fold_contiguous_5,mean,512,1,esm2_t12_35M_UR50D,0.1542079981418893,1020,48,59,184320,156,2984,256
lora,A4GRB6_PSEAI_Chen_2020,fold_contiguous_5,mean,512,2,esm2_t12_35M_UR50D,-0.0206093216612653,1020,31,42,184320,155,2984,256
lora,A4GRB6_PSEAI_Chen_2020,fold_contiguous_5,mean,2048,0,esm2_t12_35M_UR50D,0.1935424548376039,1020,14,25,184320,159,2984,256
lora,A4GRB6_PSEAI_Chen_2020,fold_contiguous_5,mean,2048,1,esm2_t12_35M_UR50D,0.0601380478862042,1020,10,21,184320,159,2984,256
lora,A4GRB6_PSEAI_Chen_2020,fold_contiguous_5,mean,2048,2,esm2_t12_35M_UR50D,0.0860384505368739,1020,13,24,184320,159,2984,256
lora,A4GRB6_PSEAI_Chen_2020,fold_contiguous_5,at_position,32,0,esm2_t12_35M_UR50D,0.2243890593331755,1020,56,67,184320,30,2984,256
lora,A4GRB6_PSEAI_Chen_2020,fold_contiguous_5,at_position,32,1,esm2_t12_35M_UR50D,0.3252934126008104,1020,33,44,184320,31,2984,256
lora,A4GRB6_PSEAI_Chen_2020,fold_contiguous_5,at_position,32,2,esm2_t12_35M_UR50D,0.3550616026528442,1020,57,68,184320,28,2984,256
lora,A4GRB6_PSEAI_Chen_2020,fold_contiguous_5,at_position,128,0,esm2_t12_35M_UR50D,0.2444902275331811,1020,17,28,184320,101,2984,256
lora,A4GRB6_PSEAI_Chen_2020,fold_contiguous_5,at_position,128,1,esm2_t12_35M_UR50D,0.3004263805351148,1020,31,42,184320,92,2984,256
lora,A4GRB6_PSEAI_Chen_2020,fold_contiguous_5,at_position,128,2,esm2_t12_35M_UR50D,0.3306056053268703,1020,22,33,184320,85,2984,256
lora,A4GRB6_PSEAI_Chen_2020,fold_contiguous_5,at_position,512,0,esm2_t12_35M_UR50D,0.2236243527158104,1020,5,16,184320,155,2984,256
lora,A4GRB6_PSEAI_Chen_2020,fold_contiguous_5,at_position,512,1,esm2_t12_35M_UR50D,0.249976324128588,1020,12,23,184320,156,2984,256
lora,A4GRB6_PSEAI_Chen_2020,fold_contiguous_5,at_position,512,2,esm2_t12_35M_UR50D,0.3081641811289255,1020,6,17,184320,155,2984,256
lora,A4GRB6_PSEAI_Chen_2020,fold_contiguous_5,at_position,2048,0,esm2_t12_35M_UR50D,0.2490647394724071,1020,3,14,184320,159,2984,256
lora,A4GRB6_PSEAI_Chen_2020,fold_contiguous_5,at_position,2048,1,esm2_t12_35M_UR50D,0.2954910115649635,1020,1,12,184320,159,2984,256
lora,A4GRB6_PSEAI_Chen_2020,fold_contiguous_5,at_position,2048,2,esm2_t12_35M_UR50D,0.2787844912214957,1020,6,17,184320,159,2984,256
lora,A4GRB6_PSEAI_Chen_2020,fold_contiguous_5,difference_at_position,32,0,esm2_t12_35M_UR50D,-0.0296057683299444,1020,42,53,184320,30,2984,256
lora,A4GRB6_PSEAI_Chen_2020,fold_contiguous_5,difference_at_position,32,1,esm2_t12_35M_UR50D,-0.1293535630532697,1020,54,65,184320,31,2984,256
lora,A4GRB6_PSEAI_Chen_2020,fold_contiguous_5,difference_at_position,32,2,esm2_t12_35M_UR50D,0.0846948368168479,1020,91,102,184320,28,2984,256
lora,A4GRB6_PSEAI_Chen_2020,fold_contiguous_5,difference_at_position,128,0,esm2_t12_35M_UR50D,0.1362147881839224,1020,14,25,184320,101,2984,256
lora,A4GRB6_PSEAI_Chen_2020,fold_contiguous_5,difference_at_position,128,1,esm2_t12_35M_UR50D,-0.0041232484166283,1020,13,24,184320,92,2984,256
lora,A4GRB6_PSEAI_Chen_2020,fold_contiguous_5,difference_at_position,128,2,esm2_t12_35M_UR50D,-0.0236865121260321,1020,21,32,184320,85,2984,256
lora,A4GRB6_PSEAI_Chen_2020,fold_contiguous_5,difference_at_position,512,0,esm2_t12_35M_UR50D,-0.0224305686342168,1020,5,16,184320,155,2984,256
lora,A4GRB6_PSEAI_Chen_2020,fold_contiguous_5,difference_at_position,512,1,esm2_t12_35M_UR50D,0.0328721169926718,1020,18,29,184320,156,2984,256
lora,A4GRB6_PSEAI_Chen_2020,fold_contiguous_5,difference_at_position,512,2,esm2_t12_35M_UR50D,0.0588147658056301,1020,15,26,184320,155,2984,256
lora,A4GRB6_PSEAI_Chen_2020,fold_contiguous_5,difference_at_position,2048,0,esm2_t12_35M_UR50D,0.0246654691245999,1020,0,11,184320,159,2984,256
lora,A4GRB6_PSEAI_Chen_2020,fold_contiguous_5,difference_at_position,2048,1,esm2_t12_35M_UR50D,0.0489260483379029,1020,0,11,184320,159,2984,256
lora,A4GRB6_PSEAI_Chen_2020,fold_contiguous_5,difference_at_position,2048,2,esm2_t12_35M_UR50D,0.0220782716676062,1020,1,12,184320,159,2984,256
lora,CCR5_HUMAN_Gill_2023,fold_random_5,mean,32,0,esm2_t12_35M_UR50D,0.0442005424879328,1172,0,11,184320,29,3694,256
lora,CCR5_HUMAN_Gill_2023,fold_random_5,mean,32,1,esm2_t12_35M_UR50D,-0.0153877853849639,1172,1,12,184320,32,3694,256
lora,CCR5_HUMAN_Gill_2023,fold_random_5,mean,32,2,esm2_t12_35M_UR50D,-0.0011031839626143,1172,3,14,184320,30,3694,256
lora,CCR5_HUMAN_Gill_2023,fold_random_5,mean,128,0,esm2_t12_35M_UR50D,0.2872276887639297,1172,76,87,184320,105,3694,256
lora,CCR5_HUMAN_Gill_2023,fold_random_5,mean,128,1,esm2_t12_35M_UR50D,-0.0114229782821158,1172,0,11,184320,112,3694,256
lora,CCR5_HUMAN_Gill_2023,fold_random_5,mean,128,2,esm2_t12_35M_UR50D,0.1550524112484169,1172,16,27,184320,108,3694,256
lora,CCR5_HUMAN_Gill_2023,fold_random_5,mean,512,0,esm2_t12_35M_UR50D,0.3484521965519898,1172,56,67,184320,266,3694,256
lora,CCR5_HUMAN_Gill_2023,fold_random_5,mean,512,1,esm2_t12_35M_UR50D,0.0387899545820353,1172,1,12,184320,250,3694,256
lora,CCR5_HUMAN_Gill_2023,fold_random_5,mean,512,2,esm2_t12_35M_UR50D,0.314732209894617,1172,43,54,184320,263,3694,256
lora,CCR5_HUMAN_Gill_2023,fold_random_5,mean,2048,0,esm2_t12_35M_UR50D,0.4311178384808264,1172,41,52,184320,323,3694,256
lora,CCR5_HUMAN_Gill_2023,fold_random_5,mean,2048,1,esm2_t12_35M_UR50D,0.413383303416534,1172,41,52,184320,323,3694,256
lora,CCR5_HUMAN_Gill_2023,fold_random_5,mean,2048,2,esm2_t12_35M_UR50D,0.3446123690219277,1172,22,33,184320,323,3694,256
lora,CCR5_HUMAN_Gill_2023,fold_random_5,at_position,32,0,esm2_t12_35M_UR50D,0.2013056480752775,1172,8,19,184320,29,3694,256
lora,CCR5_HUMAN_Gill_2023,fold_random_5,at_position,32,1,esm2_t12_35M_UR50D,0.2885106851091964,1172,3,14,184320,32,3694,256
lora,CCR5_HUMAN_Gill_2023,fold_random_5,at_position,32,2,esm2_t12_35M_UR50D,0.2460411786689604,1172,10,21,184320,30,3694,256
lora,CCR5_HUMAN_Gill_2023,fold_random_5,at_position,128,0,esm2_t12_35M_UR50D,0.3129929169120445,1172,4,15,184320,105,3694,256
lora,CCR5_HUMAN_Gill_2023,fold_random_5,at_position,128,1,esm2_t12_35M_UR50D,0.3036615971460805,1172,2,13,184320,112,3694,256
lora,CCR5_HUMAN_Gill_2023,fold_random_5,at_position,128,2,esm2_t12_35M_UR50D,0.3331280735284831,1172,5,16,184320,108,3694,256
lora,CCR5_HUMAN_Gill_2023,fold_random_5,at_position,512,0,esm2_t12_35M_UR50D,0.405070824796724,1172,2,13,184320,266,3694,256
lora,CCR5_HUMAN_Gill_2023,fold_random_5,at_position,512,1,esm2_t12_35M_UR50D,0.3972340717431252,1172,2,13,184320,250,3694,256
lora,CCR5_HUMAN_Gill_2023,fold_random_5,at_position,512,2,esm2_t12_35M_UR50D,0.3904973401846148,1172,2,13,184320,263,3694,256
lora,CCR5_HUMAN_Gill_2023,fold_random_5,at_position,2048,0,esm2_t12_35M_UR50D,0.4596198859072451,1172,2,13,184320,323,3694,256
lora,CCR5_HUMAN_Gill_2023,fold_random_5,at_position,2048,1,esm2_t12_35M_UR50D,0.4789389603033085,1172,3,14,184320,323,3694,256
lora,CCR5_HUMAN_Gill_2023,fold_random_5,at_position,2048,2,esm2_t12_35M_UR50D,0.4576721128733436,1172,1,12,184320,323,3694,256
lora,CCR5_HUMAN_Gill_2023,fold_random_5,difference_at_position,32,0,esm2_t12_35M_UR50D,0.066881865969016,1172,9,20,184320,29,3694,256
lora,CCR5_HUMAN_Gill_2023,fold_random_5,difference_at_position,32,1,esm2_t12_35M_UR50D,0.1606636256747962,1172,15,26,184320,32,3694,256
lora,CCR5_HUMAN_Gill_2023,fold_random_5,difference_at_position,32,2,esm2_t12_35M_UR50D,0.1223617933413309,1172,10,21,184320,30,3694,256
lora,CCR5_HUMAN_Gill_2023,fold_random_5,difference_at_position,128,0,esm2_t12_35M_UR50D,0.1820233118776186,1172,5,16,184320,105,3694,256
lora,CCR5_HUMAN_Gill_2023,fold_random_5,difference_at_position,128,1,esm2_t12_35M_UR50D,0.2627711437204752,1172,6,17,184320,112,3694,256
lora,CCR5_HUMAN_Gill_2023,fold_random_5,difference_at_position,128,2,esm2_t12_35M_UR50D,0.1401586532665058,1172,2,13,184320,108,3694,256
lora,CCR5_HUMAN_Gill_2023,fold_random_5,difference_at_position,512,0,esm2_t12_35M_UR50D,0.3168470658844151,1172,2,13,184320,266,3694,256
lora,CCR5_HUMAN_Gill_2023,fold_random_5,difference_at_position,512,1,esm2_t12_35M_UR50D,0.3315153087349574,1172,3,14,184320,250,3694,256
lora,CCR5_HUMAN_Gill_2023,fold_random_5,difference_at_position,512,2,esm2_t12_35M_UR50D,0.332200300774316,1172,3,14,184320,263,3694,256
lora,CCR5_HUMAN_Gill_2023,fold_random_5,difference_at_position,2048,0,esm2_t12_35M_UR50D,0.3785914990124766,1172,2,13,184320,323,3694,256
lora,CCR5_HUMAN_Gill_2023,fold_random_5,difference_at_position,2048,1,esm2_t12_35M_UR50D,0.4549893075188844,1172,5,16,184320,323,3694,256
lora,CCR5_HUMAN_Gill_2023,fold_random_5,difference_at_position,2048,2,esm2_t12_35M_UR50D,0.3844195182963411,1172,1,12,184320,323,3694,256
lora,CCR5_HUMAN_Gill_2023,fold_modulo_5,mean,32,0,esm2_t12_35M_UR50D,-0.0021859616535767,1235,1,12,184320,27,3667,256
lora,CCR5_HUMAN_Gill_2023,fold_modulo_5,mean,32,1,esm2_t12_35M_UR50D,-0.0725623221426191,1235,2,13,184320,30,3667,256
lora,CCR5_HUMAN_Gill_2023,fold_modulo_5,mean,32,2,esm2_t12_35M_UR50D,0.0190838419501832,1235,4,15,184320,29,3667,256
lora,CCR5_HUMAN_Gill_2023,fold_modulo_5,mean,128,0,esm2_t12_35M_UR50D,0.0353227554313927,1235,5,16,184320,96,3667,256
lora,CCR5_HUMAN_Gill_2023,fold_modulo_5,mean,128,1,esm2_t12_35M_UR50D,-0.053158853514969,1235,0,11,184320,94,3667,256
lora,CCR5_HUMAN_Gill_2023,fold_modulo_5,mean,128,2,esm2_t12_35M_UR50D,0.1541584404818446,1235,6,17,184320,99,3667,256
lora,CCR5_HUMAN_Gill_2023,fold_modulo_5,mean,512,0,esm2_t12_35M_UR50D,0.2801788914413892,1235,54,65,184320,181,3667,256
lora,CCR5_HUMAN_Gill_2023,fold_modulo_5,mean,512,1,esm2_t12_35M_UR50D,0.2496983292080393,1235,66,77,184320,181,3667,256
lora,CCR5_HUMAN_Gill_2023,fold_modulo_5,mean,512,2,esm2_t12_35M_UR50D,0.2904783866975686,1235,56,67,184320,184,3667,256
lora,CCR5_HUMAN_Gill_2023,fold_modulo_5,mean,2048,0,esm2_t12_35M_UR50D,0.3621297621545996,1235,41,52,184320,193,3667,256
lora,CCR5_HUMAN_Gill_2023,fold_modulo_5,mean,2048,1,esm2_t12_35M_UR50D,0.2699356206964186,1235,17,28,184320,193,3667,256
lora,CCR5_HUMAN_Gill_2023,fold_modulo_5,mean,2048,2,esm2_t12_35M_UR50D,0.3025086674155273,1235,23,34,184320,193,3667,256
lora,CCR5_HUMAN_Gill_2023,fold_modulo_5,at_position,32,0,esm2_t12_35M_UR50D,0.2314142780672408,1235,4,15,184320,27,3667,256
lora,CCR5_HUMAN_Gill_2023,fold_modulo_5,at_position,32,1,esm2_t12_35M_UR50D,0.215303287880137,1235,3,14,184320,30,3667,256
lora,CCR5_HUMAN_Gill_2023,fold_modulo_5,at_position,32,2,esm2_t12_35M_UR50D,0.1391353077065615,1235,4,15,184320,29,3667,256
lora,CCR5_HUMAN_Gill_2023,fold_modulo_5,at_position,128,0,esm2_t12_35M_UR50D,0.29433123256639,1235,10,21,184320,96,3667,256
lora,CCR5_HUMAN_Gill_2023,fold_modulo_5,at_position,128,1,esm2_t12_35M_UR50D,0.2949440131648705,1235,16,27,184320,94,3667,256
lora,CCR5_HUMAN_Gill_2023,fold_modulo_5,at_position,128,2,esm2_t12_35M_UR50D,0.3228059835307955,1235,7,18,184320,99,3667,256
lora,CCR5_HUMAN_Gill_2023,fold_modulo_5,at_position,512,0,esm2_t12_35M_UR50D,0.3317177517146733,1235,5,16,184320,181,3667,256
lora,CCR5_HUMAN_Gill_2023,fold_modulo_5,at_position,512,1,esm2_t12_35M_UR50D,0.3431841150148178,1235,7,18,184320,181,3667,256
lora,CCR5_HUMAN_Gill_2023,fold_modulo_5,at_position,512,2,esm2_t12_35M_UR50D,0.3438143035195787,1235,6,17,184320,184,3667,256
lora,CCR5_HUMAN_Gill_2023,fold_modulo_5,at_position,2048,0,esm2_t12_35M_UR50D,0.416612960338833,1235,4,15,184320,193,3667,256
lora,CCR5_HUMAN_Gill_2023,fold_modulo_5,at_position,2048,1,esm2_t12_35M_UR50D,0.3957706381945129,1235,4,15,184320,193,3667,256
lora,CCR5_HUMAN_Gill_2023,fold_modulo_5,at_position,2048,2,esm2_t12_35M_UR50D,0.3975683604801854,1235,3,14,184320,193,3667,256
lora,CCR5_HUMAN_Gill_2023,fold_modulo_5,difference_at_position,32,0,esm2_t12_35M_UR50D,0.1501788324853529,1235,13,24,184320,27,3667,256
lora,CCR5_HUMAN_Gill_2023,fold_modulo_5,difference_at_position,32,1,esm2_t12_35M_UR50D,0.0933091966927118,1235,12,23,184320,30,3667,256
lora,CCR5_HUMAN_Gill_2023,fold_modulo_5,difference_at_position,32,2,esm2_t12_35M_UR50D,0.0621685451282049,1235,13,24,184320,29,3667,256
lora,CCR5_HUMAN_Gill_2023,fold_modulo_5,difference_at_position,128,0,esm2_t12_35M_UR50D,0.2169087873822051,1235,6,17,184320,96,3667,256
lora,CCR5_HUMAN_Gill_2023,fold_modulo_5,difference_at_position,128,1,esm2_t12_35M_UR50D,0.2314015908411265,1235,8,19,184320,94,3667,256
lora,CCR5_HUMAN_Gill_2023,fold_modulo_5,difference_at_position,128,2,esm2_t12_35M_UR50D,0.253334243577974,1235,6,17,184320,99,3667,256
lora,CCR5_HUMAN_Gill_2023,fold_modulo_5,difference_at_position,512,0,esm2_t12_35M_UR50D,0.2960225770957695,1235,3,14,184320,181,3667,256
lora,CCR5_HUMAN_Gill_2023,fold_modulo_5,difference_at_position,512,1,esm2_t12_35M_UR50D,0.2687472197253802,1235,3,14,184320,181,3667,256
lora,CCR5_HUMAN_Gill_2023,fold_modulo_5,difference_at_position,512,2,esm2_t12_35M_UR50D,0.2707702891894257,1235,2,13,184320,184,3667,256
lora,CCR5_HUMAN_Gill_2023,fold_modulo_5,difference_at_position,2048,0,esm2_t12_35M_UR50D,0.3468953341079684,1235,2,13,184320,193,3667,256
lora,CCR5_HUMAN_Gill_2023,fold_modulo_5,difference_at_position,2048,1,esm2_t12_35M_UR50D,0.334033340896459,1235,1,12,184320,193,3667,256
lora,CCR5_HUMAN_Gill_2023,fold_modulo_5,difference_at_position,2048,2,esm2_t12_35M_UR50D,0.3192572392913768,1235,1,12,184320,193,3667,256
lora,CCR5_HUMAN_Gill_2023,fold_contiguous_5,mean,32,0,esm2_t12_35M_UR50D,0.0513035961867626,1235,2,13,184320,31,3667,256
lora,CCR5_HUMAN_Gill_2023,fold_contiguous_5,mean,32,1,esm2_t12_35M_UR50D,0.0155960176208735,1235,1,12,184320,32,3667,256
lora,CCR5_HUMAN_Gill_2023,fold_contiguous_5,mean,32,2,esm2_t12_35M_UR50D,0.1040903045695337,1235,3,14,184320,30,3667,256
lora,CCR5_HUMAN_Gill_2023,fold_contiguous_5,mean,128,0,esm2_t12_35M_UR50D,0.0792622516433046,1235,8,19,184320,100,3667,256
lora,CCR5_HUMAN_Gill_2023,fold_contiguous_5,mean,128,1,esm2_t12_35M_UR50D,0.0792392790174329,1235,2,13,184320,94,3667,256
lora,CCR5_HUMAN_Gill_2023,fold_contiguous_5,mean,128,2,esm2_t12_35M_UR50D,0.0932698913873883,1235,1,12,184320,100,3667,256
lora,CCR5_HUMAN_Gill_2023,fold_contiguous_5,mean,512,0,esm2_t12_35M_UR50D,0.2483465275757327,1235,4,15,184320,179,3667,256
lora,CCR5_HUMAN_Gill_2023,fold_contiguous_5,mean,512,1,esm2_t12_35M_UR50D,0.1691211820260373,1235,2,13,184320,185,3667,256
lora,CCR5_HUMAN_Gill_2023,fold_contiguous_5,mean,512,2,esm2_t12_35M_UR50D,0.2150591412876056,1235,2,13,184320,182,3667,256
lora,CCR5_HUMAN_Gill_2023,fold_contiguous_5,mean,2048,0,esm2_t12_35M_UR50D,0.2683916885461482,1235,1,12,184320,193,3667,256
lora,CCR5_HUMAN_Gill_2023,fold_contiguous_5,mean,2048,1,esm2_t12_35M_UR50D,0.3555761424189714,1235,7,18,184320,193,3667,256
lora,CCR5_HUMAN_Gill_2023,fold_contiguous_5,mean,2048,2,esm2_t12_35M_UR50D,0.2670110112204787,1235,1,12,184320,193,3667,256
lora,CCR5_HUMAN_Gill_2023,fold_contiguous_5,at_position,32,0,esm2_t12_35M_UR50D,0.0165462853464011,1235,52,63,184320,31,3667,256
lora,CCR5_HUMAN_Gill_2023,fold_contiguous_5,at_position,32,1,esm2_t12_35M_UR50D,0.3186003262173564,1235,51,62,184320,32,3667,256
lora,CCR5_HUMAN_Gill_2023,fold_contiguous_5,at_position,32,2,esm2_t12_35M_UR50D,0.3260507099687863,1235,21,32,184320,30,3667,256
lora,CCR5_HUMAN_Gill_2023,fold_contiguous_5,at_position,128,0,esm2_t12_35M_UR50D,0.2766373787322136,1235,1,12,184320,100,3667,256
lora,CCR5_HUMAN_Gill_2023,fold_contiguous_5,at_position,128,1,esm2_t12_35M_UR50D,0.2937930470600198,1235,2,13,184320,94,3667,256
lora,CCR5_HUMAN_Gill_2023,fold_contiguous_5,at_position,128,2,esm2_t12_35M_UR50D,0.1303442067544795,1235,1,12,184320,100,3667,256
lora,CCR5_HUMAN_Gill_2023,fold_contiguous_5,at_position,512,0,esm2_t12_35M_UR50D,0.2759525766076907,1235,2,13,184320,179,3667,256
lora,CCR5_HUMAN_Gill_2023,fold_contiguous_5,at_position,512,1,esm2_t12_35M_UR50D,0.2884412279615458,1235,12,23,184320,185,3667,256
lora,CCR5_HUMAN_Gill_2023,fold_contiguous_5,at_position,512,2,esm2_t12_35M_UR50D,0.288153484038143,1235,5,16,184320,182,3667,256
lora,CCR5_HUMAN_Gill_2023,fold_contiguous_5,at_position,2048,0,esm2_t12_35M_UR50D,0.2831725492547818,1235,7,18,184320,193,3667,256
lora,CCR5_HUMAN_Gill_2023,fold_contiguous_5,at_position,2048,1,esm2_t12_35M_UR50D,0.3053971026113616,1235,9,20,184320,193,3667,256
lora,CCR5_HUMAN_Gill_2023,fold_contiguous_5,at_position,2048,2,esm2_t12_35M_UR50D,0.3297948593572886,1235,6,17,184320,193,3667,256
lora,CCR5_HUMAN_Gill_2023,fold_contiguous_5,difference_at_position,32,0,esm2_t12_35M_UR50D,0.1999242989644701,1235,17,28,184320,31,3667,256
lora,CCR5_HUMAN_Gill_2023,fold_contiguous_5,difference_at_position,32,1,esm2_t12_35M_UR50D,0.152675720427263,1235,21,32,184320,32,3667,256
lora,CCR5_HUMAN_Gill_2023,fold_contiguous_5,difference_at_position,32,2,esm2_t12_35M_UR50D,0.1446952493885098,1235,14,25,184320,30,3667,256
lora,CCR5_HUMAN_Gill_2023,fold_contiguous_5,difference_at_position,128,0,esm2_t12_35M_UR50D,0.1587306350209965,1235,22,33,184320,100,3667,256
lora,CCR5_HUMAN_Gill_2023,fold_contiguous_5,difference_at_position,128,1,esm2_t12_35M_UR50D,0.1728751151431838,1235,9,20,184320,94,3667,256
lora,CCR5_HUMAN_Gill_2023,fold_contiguous_5,difference_at_position,128,2,esm2_t12_35M_UR50D,0.1623615394301464,1235,9,20,184320,100,3667,256
lora,CCR5_HUMAN_Gill_2023,fold_contiguous_5,difference_at_position,512,0,esm2_t12_35M_UR50D,0.2753130922239767,1235,3,14,184320,179,3667,256
lora,CCR5_HUMAN_Gill_2023,fold_contiguous_5,difference_at_position,512,1,esm2_t12_35M_UR50D,0.313959715658764,1235,6,17,184320,185,3667,256
lora,CCR5_HUMAN_Gill_2023,fold_contiguous_5,difference_at_position,512,2,esm2_t12_35M_UR50D,0.2861596053732165,1235,8,19,184320,182,3667,256
lora,CCR5_HUMAN_Gill_2023,fold_contiguous_5,difference_at_position,2048,0,esm2_t12_35M_UR50D,0.3188491166964382,1235,3,14,184320,193,3667,256
lora,CCR5_HUMAN_Gill_2023,fold_contiguous_5,difference_at_position,2048,1,esm2_t12_35M_UR50D,0.3610066116151691,1235,2,13,184320,193,3667,256
lora,CCR5_HUMAN_Gill_2023,fold_contiguous_5,difference_at_position,2048,2,esm2_t12_35M_UR50D,0.2972187809481003,1235,4,15,184320,193,3667,256
lora,R1AB_SARS2_Flynn_2022,fold_random_5,mean,32,0,esm2_t12_35M_UR50D,0.0541849849117333,1147,8,19,184320,30,3428,256
lora,R1AB_SARS2_Flynn_2022,fold_random_5,mean,32,1,esm2_t12_35M_UR50D,0.0718456691871763,1147,7,18,184320,30,3428,256
lora,R1AB_SARS2_Flynn_2022,fold_random_5,mean,32,2,esm2_t12_35M_UR50D,0.0368356878932676,1147,6,17,184320,31,3428,256
lora,R1AB_SARS2_Flynn_2022,fold_random_5,mean,128,0,esm2_t12_35M_UR50D,-0.0911716576382647,1147,23,34,184320,107,3428,256
lora,R1AB_SARS2_Flynn_2022,fold_random_5,mean,128,1,esm2_t12_35M_UR50D,0.1525115255733266,1147,39,50,184320,108,3428,256
lora,R1AB_SARS2_Flynn_2022,fold_random_5,mean,128,2,esm2_t12_35M_UR50D,0.1089136416310056,1147,35,46,184320,107,3428,256
lora,R1AB_SARS2_Flynn_2022,fold_random_5,mean,512,0,esm2_t12_35M_UR50D,0.2686396939230248,1147,13,24,184320,244,3428,256
lora,R1AB_SARS2_Flynn_2022,fold_random_5,mean,512,1,esm2_t12_35M_UR50D,0.4336404543871971,1147,32,43,184320,258,3428,256
lora,R1AB_SARS2_Flynn_2022,fold_random_5,mean,512,2,esm2_t12_35M_UR50D,0.4628026271576924,1147,50,61,184320,252,3428,256
lora,R1AB_SARS2_Flynn_2022,fold_random_5,mean,2048,0,esm2_t12_35M_UR50D,0.6559439135038181,1147,48,59,184320,303,3428,256
lora,R1AB_SARS2_Flynn_2022,fold_random_5,mean,2048,1,esm2_t12_35M_UR50D,0.7097088467407423,1147,83,94,184320,303,3428,256
lora,R1AB_SARS2_Flynn_2022,fold_random_5,mean,2048,2,esm2_t12_35M_UR50D,0.7293073208520913,1147,87,98,184320,302,3428,256
lora,R1AB_SARS2_Flynn_2022,fold_random_5,at_position,32,0,esm2_t12_35M_UR50D,0.1174317753360515,1147,10,21,184320,30,3428,256
lora,R1AB_SARS2_Flynn_2022,fold_random_5,at_position,32,1,esm2_t12_35M_UR50D,-0.0127491171027818,1147,8,19,184320,30,3428,256
lora,R1AB_SARS2_Flynn_2022,fold_random_5,at_position,32,2,esm2_t12_35M_UR50D,0.1027277269177739,1147,7,18,184320,31,3428,256
lora,R1AB_SARS2_Flynn_2022,fold_random_5,at_position,128,0,esm2_t12_35M_UR50D,0.3377115954918814,1147,42,53,184320,107,3428,256
lora,R1AB_SARS2_Flynn_2022,fold_random_5,at_position,128,1,esm2_t12_35M_UR50D,0.3378765892678754,1147,10,21,184320,108,3428,256
lora,R1AB_SARS2_Flynn_2022,fold_random_5,at_position,128,2,esm2_t12_35M_UR50D,0.3438492319511099,1147,16,27,184320,107,3428,256
lora,R1AB_SARS2_Flynn_2022,fold_random_5,at_position,512,0,esm2_t12_35M_UR50D,0.6415687552237493,1147,26,37,184320,244,3428,256
lora,R1AB_SARS2_Flynn_2022,fold_random_5,at_position,512,1,esm2_t12_35M_UR50D,0.6639127518510946,1147,29,40,184320,258,3428,256
lora,R1AB_SARS2_Flynn_2022,fold_random_5,at_position,512,2,esm2_t12_35M_UR50D,0.6095037003440742,1147,12,23,184320,252,3428,256
lora,R1AB_SARS2_Flynn_2022,fold_random_5,at_position,2048,0,esm2_t12_35M_UR50D,0.7894629613017846,1147,29,40,184320,303,3428,256
lora,R1AB_SARS2_Flynn_2022,fold_random_5,at_position,2048,1,esm2_t12_35M_UR50D,0.7816709998341314,1147,9,20,184320,303,3428,256
lora,R1AB_SARS2_Flynn_2022,fold_random_5,at_position,2048,2,esm2_t12_35M_UR50D,0.7786911874285877,1147,26,37,184320,302,3428,256
lora,R1AB_SARS2_Flynn_2022,fold_random_5,difference_at_position,32,0,esm2_t12_35M_UR50D,0.1392049577528299,1147,36,47,184320,30,3428,256
lora,R1AB_SARS2_Flynn_2022,fold_random_5,difference_at_position,32,1,esm2_t12_35M_UR50D,0.1592030972388608,1147,49,60,184320,30,3428,256
lora,R1AB_SARS2_Flynn_2022,fold_random_5,difference_at_position,32,2,esm2_t12_35M_UR50D,0.1764308554011183,1147,45,56,184320,31,3428,256
lora,R1AB_SARS2_Flynn_2022,fold_random_5,difference_at_position,128,0,esm2_t12_35M_UR50D,0.2242049352478952,1147,25,36,184320,107,3428,256
lora,R1AB_SARS2_Flynn_2022,fold_random_5,difference_at_position,128,1,esm2_t12_35M_UR50D,0.3067143719328379,1147,24,35,184320,108,3428,256
lora,R1AB_SARS2_Flynn_2022,fold_random_5,difference_at_position,128,2,esm2_t12_35M_UR50D,0.3224200489926862,1147,38,49,184320,107,3428,256
lora,R1AB_SARS2_Flynn_2022,fold_random_5,difference_at_position,512,0,esm2_t12_35M_UR50D,0.5533972280504879,1147,28,39,184320,244,3428,256
lora,R1AB_SARS2_Flynn_2022,fold_random_5,difference_at_position,512,1,esm2_t12_35M_UR50D,0.5766667977731534,1147,18,29,184320,258,3428,256
lora,R1AB_SARS2_Flynn_2022,fold_random_5,difference_at_position,512,2,esm2_t12_35M_UR50D,0.6098587693675043,1147,24,35,184320,252,3428,256
lora,R1AB_SARS2_Flynn_2022,fold_random_5,difference_at_position,2048,0,esm2_t12_35M_UR50D,0.7729919359649834,1147,36,47,184320,303,3428,256
lora,R1AB_SARS2_Flynn_2022,fold_random_5,difference_at_position,2048,1,esm2_t12_35M_UR50D,0.7688216204637706,1147,62,73,184320,303,3428,256
lora,R1AB_SARS2_Flynn_2022,fold_random_5,difference_at_position,2048,2,esm2_t12_35M_UR50D,0.7507221022427337,1147,9,20,184320,302,3428,256
lora,R1AB_SARS2_Flynn_2022,fold_modulo_5,mean,32,0,esm2_t12_35M_UR50D,0.018272501873898,1150,7,18,184320,28,3421,256
lora,R1AB_SARS2_Flynn_2022,fold_modulo_5,mean,32,1,esm2_t12_35M_UR50D,0.1322512580407434,1150,7,18,184320,31,3421,256
lora,R1AB_SARS2_Flynn_2022,fold_modulo_5,mean,32,2,esm2_t12_35M_UR50D,-0.088080342758211,1150,8,19,184320,31,3421,256
lora,R1AB_SARS2_Flynn_2022,fold_modulo_5,mean,128,0,esm2_t12_35M_UR50D,0.1462501182716439,1150,18,29,184320,93,3421,256
lora,R1AB_SARS2_Flynn_2022,fold_modulo_5,mean,128,1,esm2_t12_35M_UR50D,0.0752148733440318,1150,34,45,184320,92,3421,256
lora,R1AB_SARS2_Flynn_2022,fold_modulo_5,mean,128,2,esm2_t12_35M_UR50D,0.1496333956225244,1150,1,12,184320,88,3421,256
lora,R1AB_SARS2_Flynn_2022,fold_modulo_5,mean,512,0,esm2_t12_35M_UR50D,0.2910283939723206,1150,35,46,184320,170,3421,256
lora,R1AB_SARS2_Flynn_2022,fold_modulo_5,mean,512,1,esm2_t12_35M_UR50D,0.3430402975236901,1150,25,36,184320,167,3421,256
lora,R1AB_SARS2_Flynn_2022,fold_modulo_5,mean,512,2,esm2_t12_35M_UR50D,0.2754038475972218,1150,34,45,184320,176,3421,256
lora,R1AB_SARS2_Flynn_2022,fold_modulo_5,mean,2048,0,esm2_t12_35M_UR50D,0.4672244196979257,1150,39,50,184320,181,3421,256
lora,R1AB_SARS2_Flynn_2022,fold_modulo_5,mean,2048,1,esm2_t12_35M_UR50D,0.4312239111744869,1150,15,26,184320,181,3421,256
lora,R1AB_SARS2_Flynn_2022,fold_modulo_5,mean,2048,2,esm2_t12_35M_UR50D,0.1682070472517051,1150,0,11,184320,181,3421,256
lora,R1AB_SARS2_Flynn_2022,fold_modulo_5,at_position,32,0,esm2_t12_35M_UR50D,0.0362284919291629,1150,17,28,184320,28,3421,256
lora,R1AB_SARS2_Flynn_2022,fold_modulo_5,at_position,32,1,esm2_t12_35M_UR50D,0.0509147987520464,1150,9,20,184320,31,3421,256
lora,R1AB_SARS2_Flynn_2022,fold_modulo_5,at_position,32,2,esm2_t12_35M_UR50D,0.1443932736433071,1150,13,24,184320,31,3421,256
lora,R1AB_SARS2_Flynn_2022,fold_modulo_5,at_position,128,0,esm2_t12_35M_UR50D,0.1872842787059558,1150,12,23,184320,93,3421,256
lora,R1AB_SARS2_Flynn_2022,fold_modulo_5,at_position,128,1,esm2_t12_35M_UR50D,0.1707034005483098,1150,11,22,184320,92,3421,256
lora,R1AB_SARS2_Flynn_2022,fold_modulo_5,at_position,128,2,esm2_t12_35M_UR50D,0.2235004421964386,1150,8,19,184320,88,3421,256
lora,R1AB_SARS2_Flynn_2022,fold_modulo_5,at_position,512,0,esm2_t12_35M_UR50D,0.2843119710421742,1150,3,14,184320,170,3421,256
lora,R1AB_SARS2_Flynn_2022,fold_modulo_5,at_position,512,1,esm2_t12_35M_UR50D,0.3759718020005406,1150,2,13,184320,167,3421,256
lora,R1AB_SARS2_Flynn_2022,fold_modulo_5,at_position,512,2,esm2_t12_35M_UR50D,0.314622934702967,1150,2,13,184320,176,3421,256
lora,R1AB_SARS2_Flynn_2022,fold_modulo_5,at_position,2048,0,esm2_t12_35M_UR50D,0.2439259311349196,1150,0,11,184320,181,3421,256
lora,R1AB_SARS2_Flynn_2022,fold_modulo_5,at_position,2048,1,esm2_t12_35M_UR50D,0.3080108675680103,1150,0,11,184320,181,3421,256
lora,R1AB_SARS2_Flynn_2022,fold_modulo_5,at_position,2048,2,esm2_t12_35M_UR50D,0.3590674808433323,1150,5,16,184320,181,3421,256
lora,R1AB_SARS2_Flynn_2022,fold_modulo_5,difference_at_position,32,0,esm2_t12_35M_UR50D,0.1287291973624242,1150,43,54,184320,28,3421,256
lora,R1AB_SARS2_Flynn_2022,fold_modulo_5,difference_at_position,32,1,esm2_t12_35M_UR50D,0.1449847309821258,1150,28,39,184320,31,3421,256
lora,R1AB_SARS2_Flynn_2022,fold_modulo_5,difference_at_position,32,2,esm2_t12_35M_UR50D,-0.027749508613091,1150,45,56,184320,31,3421,256
lora,R1AB_SARS2_Flynn_2022,fold_modulo_5,difference_at_position,128,0,esm2_t12_35M_UR50D,0.211220370446898,1150,21,32,184320,93,3421,256
lora,R1AB_SARS2_Flynn_2022,fold_modulo_5,difference_at_position,128,1,esm2_t12_35M_UR50D,0.1870795832277608,1150,27,38,184320,92,3421,256
lora,R1AB_SARS2_Flynn_2022,fold_modulo_5,difference_at_position,128,2,esm2_t12_35M_UR50D,0.102566222701508,1150,20,31,184320,88,3421,256
lora,R1AB_SARS2_Flynn_2022,fold_modulo_5,difference_at_position,512,0,esm2_t12_35M_UR50D,0.2605883702977732,1150,6,17,184320,170,3421,256
lora,R1AB_SARS2_Flynn_2022,fold_modulo_5,difference_at_position,512,1,esm2_t12_35M_UR50D,0.2264504699058373,1150,7,18,184320,167,3421,256
lora,R1AB_SARS2_Flynn_2022,fold_modulo_5,difference_at_position,512,2,esm2_t12_35M_UR50D,0.2407031865266143,1150,2,13,184320,176,3421,256
lora,R1AB_SARS2_Flynn_2022,fold_modulo_5,difference_at_position,2048,0,esm2_t12_35M_UR50D,0.2542267460249908,1150,2,13,184320,181,3421,256
lora,R1AB_SARS2_Flynn_2022,fold_modulo_5,difference_at_position,2048,1,esm2_t12_35M_UR50D,0.3281250170748875,1150,10,21,184320,181,3421,256
lora,R1AB_SARS2_Flynn_2022,fold_modulo_5,difference_at_position,2048,2,esm2_t12_35M_UR50D,0.2631515809151429,1150,8,19,184320,181,3421,256
lora,R1AB_SARS2_Flynn_2022,fold_contiguous_5,mean,32,0,esm2_t12_35M_UR50D,0.0896069686099978,1138,11,22,184320,29,3429,256
lora,R1AB_SARS2_Flynn_2022,fold_contiguous_5,mean,32,1,esm2_t12_35M_UR50D,0.1201768111429757,1138,10,21,184320,32,3429,256
lora,R1AB_SARS2_Flynn_2022,fold_contiguous_5,mean,32,2,esm2_t12_35M_UR50D,0.1287665202002421,1138,8,19,184320,28,3429,256
lora,R1AB_SARS2_Flynn_2022,fold_contiguous_5,mean,128,0,esm2_t12_35M_UR50D,0.0527781555871938,1138,2,13,184320,96,3429,256
lora,R1AB_SARS2_Flynn_2022,fold_contiguous_5,mean,128,1,esm2_t12_35M_UR50D,0.1044729803781685,1138,2,13,184320,97,3429,256
lora,R1AB_SARS2_Flynn_2022,fold_contiguous_5,mean,128,2,esm2_t12_35M_UR50D,0.0989019278645707,1138,2,13,184320,94,3429,256
lora,R1AB_SARS2_Flynn_2022,fold_contiguous_5,mean,512,0,esm2_t12_35M_UR50D,0.0298754545158197,1138,23,34,184320,174,3429,256
lora,R1AB_SARS2_Flynn_2022,fold_contiguous_5,mean,512,1,esm2_t12_35M_UR50D,0.1256774182852892,1138,46,57,184320,173,3429,256
lora,R1AB_SARS2_Flynn_2022,fold_contiguous_5,mean,512,2,esm2_t12_35M_UR50D,0.0446081571532135,1138,20,31,184320,169,3429,256
lora,R1AB_SARS2_Flynn_2022,fold_contiguous_5,mean,2048,0,esm2_t12_35M_UR50D,0.0398199764195628,1138,7,18,184320,181,3429,256
lora,R1AB_SARS2_Flynn_2022,fold_contiguous_5,mean,2048,1,esm2_t12_35M_UR50D,0.1755075324958132,1138,12,23,184320,181,3429,256
lora,R1AB_SARS2_Flynn_2022,fold_contiguous_5,mean,2048,2,esm2_t12_35M_UR50D,0.0516207395929938,1138,3,14,184320,181,3429,256
lora,R1AB_SARS2_Flynn_2022,fold_contiguous_5,at_position,32,0,esm2_t12_35M_UR50D,0.0801845766728045,1138,11,22,184320,29,3429,256
lora,R1AB_SARS2_Flynn_2022,fold_contiguous_5,at_position,32,1,esm2_t12_35M_UR50D,0.122668329147513,1138,15,26,184320,32,3429,256
lora,R1AB_SARS2_Flynn_2022,fold_contiguous_5,at_position,32,2,esm2_t12_35M_UR50D,0.1669192323959815,1138,9,20,184320,28,3429,256
lora,R1AB_SARS2_Flynn_2022,fold_contiguous_5,at_position,128,0,esm2_t12_35M_UR50D,0.0218649178346558,1138,3,14,184320,96,3429,256
lora,R1AB_SARS2_Flynn_2022,fold_contiguous_5,at_position,128,1,esm2_t12_35M_UR50D,0.1828914755199713,1138,2,13,184320,97,3429,256
lora,R1AB_SARS2_Flynn_2022,fold_contiguous_5,at_position,128,2,esm2_t12_35M_UR50D,0.1918969618948549,1138,3,14,184320,94,3429,256
lora,R1AB_SARS2_Flynn_2022,fold_contiguous_5,at_position,512,0,esm2_t12_35M_UR50D,0.081488015084334,1138,0,11,184320,174,3429,256
lora,R1AB_SARS2_Flynn_2022,fold_contiguous_5,at_position,512,1,esm2_t12_35M_UR50D,0.2354174227519899,1138,0,11,184320,173,3429,256
lora,R1AB_SARS2_Flynn_2022,fold_contiguous_5,at_position,512,2,esm2_t12_35M_UR50D,0.2091744225517957,1138,0,11,184320,169,3429,256
lora,R1AB_SARS2_Flynn_2022,fold_contiguous_5,at_position,2048,0,esm2_t12_35M_UR50D,0.126519037610801,1138,0,11,184320,181,3429,256
lora,R1AB_SARS2_Flynn_2022,fold_contiguous_5,at_position,2048,1,esm2_t12_35M_UR50D,0.2897240411232682,1138,0,11,184320,181,3429,256
lora,R1AB_SARS2_Flynn_2022,fold_contiguous_5,at_position,2048,2,esm2_t12_35M_UR50D,0.0458380895555609,1138,7,18,184320,181,3429,256
lora,R1AB_SARS2_Flynn_2022,fold_contiguous_5,difference_at_position,32,0,esm2_t12_35M_UR50D,0.2459685567544794,1138,35,46,184320,29,3429,256
lora,R1AB_SARS2_Flynn_2022,fold_contiguous_5,difference_at_position,32,1,esm2_t12_35M_UR50D,-0.0595204656448922,1138,48,59,184320,32,3429,256
lora,R1AB_SARS2_Flynn_2022,fold_contiguous_5,difference_at_position,32,2,esm2_t12_35M_UR50D,0.009351137205727,1138,50,61,184320,28,3429,256
lora,R1AB_SARS2_Flynn_2022,fold_contiguous_5,difference_at_position,128,0,esm2_t12_35M_UR50D,0.165346022594493,1138,18,29,184320,96,3429,256
lora,R1AB_SARS2_Flynn_2022,fold_contiguous_5,difference_at_position,128,1,esm2_t12_35M_UR50D,0.1321852587324163,1138,16,27,184320,97,3429,256
lora,R1AB_SARS2_Flynn_2022,fold_contiguous_5,difference_at_position,128,2,esm2_t12_35M_UR50D,0.0788691035680602,1138,37,48,184320,94,3429,256
lora,R1AB_SARS2_Flynn_2022,fold_contiguous_5,difference_at_position,512,0,esm2_t12_35M_UR50D,0.0688102171032746,1138,7,18,184320,174,3429,256
lora,R1AB_SARS2_Flynn_2022,fold_contiguous_5,difference_at_position,512,1,esm2_t12_35M_UR50D,0.1222234748468028,1138,9,20,184320,173,3429,256
lora,R1AB_SARS2_Flynn_2022,fold_contiguous_5,difference_at_position,512,2,esm2_t12_35M_UR50D,0.1954193995746118,1138,35,46,184320,169,3429,256
lora,R1AB_SARS2_Flynn_2022,fold_contiguous_5,difference_at_position,2048,0,esm2_t12_35M_UR50D,0.2203597389693585,1138,3,14,184320,181,3429,256
lora,R1AB_SARS2_Flynn_2022,fold_contiguous_5,difference_at_position,2048,1,esm2_t12_35M_UR50D,0.1105932715587527,1138,21,32,184320,181,3429,256
lora,R1AB_SARS2_Flynn_2022,fold_contiguous_5,difference_at_position,2048,2,esm2_t12_35M_UR50D,0.1340921051882152,1138,21,32,184320,181,3429,256
